"ChIJVU__B8ULkkYROAp7e0dHmpE","Flying Cinema Tour Of Helsinki","Helsinki","FI","https://lh3.googleusercontent.com/p/AF1QipOzjDcjY-Kyv3vFHcj2OGlYdp4TGiACjX7rq2wZ=s1600-w500","Katajanokanlaituri 2 B, 00160 Helsinki, Finland","4.30",NULL,NULL
"ChIJ3SY8hCQKkkYRTDHvUfZP1HQ","Sibelius Monument","Helsinki","FI","https://lh3.googleusercontent.com/p/AF1QipM13qH9tKTLZYKrcTEFJ-LbZR0DxOXk9wCficcK=s1600-w500","Sibeliuksen puisto, Mechelininkatu, 00250 Helsinki, Finland","4.20",NULL,NULL
"ChIJr3BsiYIJkkYRHfPMT5vqVAw","Puu-Vallila","Helsinki","FI","https://lh3.googleusercontent.com/p/AF1QipMMmxrp3vJzen_DkL11zyVqPNxy7Pmq3zT9l7vL=s1600-w500","00510 Helsinki, Finland","4.30",NULL,NULL
"ChIJtxnDRs4LkkYRygjZtCzjV7w","Senate Square","Helsinki","FI","https://lh3.googleusercontent.com/p/AF1QipP-r0pYp-LIRiIcFAT7Xn3vBAzuCSDYOoGCnYSM=s1600-w500","00170 Helsinki, Finland","4.50",NULL,NULL
"ChIJhTiFuI0LkkYRFwfoahbvmAw","Suomenlinna","Helsinki","FI","https://lh3.googleusercontent.com/p/AF1QipM-bgGCZbXir2yDqLEHPfb5AYnOOmJKJRH0o30E=s1600-w500","00190 Helsinki, Finland","4.60",NULL,NULL
"ChIJEylLtc0LkkYRCtfbHy29R00","Ateneum","Helsinki","FI","https://lh3.googleusercontent.com/p/AF1QipM14buvz1BpYNP8sq0GMoZyhKtXd88ZkbBZskbz=s1600-w500","Kaivokatu 2, 00100 Helsinki, Finland","4.40",NULL,NULL
"ChIJCdGhkskLkkYRDcB76yCJF44","J.L. Runebergin koti Helsinki","Helsinki","FI",,"Iso Roobertinkatu 17-19, 00120 Helsinki, Finland","5.00",NULL,NULL
"ChIJR39aWsULkkYRKBuRn3sYYIA","Relandersgrund Cafe","Helsinki","FI","https://lh3.googleusercontent.com/p/AF1QipNH1cUqmccqSmUIJuHZeYDTAEbHOL_yqdfpAkc=s1600-w500","00170 Helsinki, Finland","4.10",NULL,NULL
"ChIJoT_K4i0KkkYRBLdQFkHGdRk","Larin Paraske","Helsinki","FI","https://lh3.googleusercontent.com/p/AF1QipN5ltgQzXRwVOCwQGns7Q2RgYO8UksWmWtvW91g=s1600-w500","Mannerheimintie 38, 00101 Helsinki, Finland","4.20",NULL,NULL
"ChIJfagARM8LkkYRohOZJ38hQUA","Old Market Hall","Helsinki","FI","https://lh3.googleusercontent.com/p/AF1QipOU8BVcdJAcS4OCggtcn2L3JADsY5oZYDIAend5=s1600-w500","Eteläranta, 00130 Helsinki, Finland","4.30",NULL,NULL
"ChIJ3-w6nM4LkkYR7H8pJAc5vi0","Pohjola Insurance Building","Helsinki","FI","https://lh3.googleusercontent.com/p/AF1QipMfdUmn1e7FwuYHj5yQxIZx5vT7cuK8uZCoKb8d=s1600-w500","Aleksanterinkatu 44, 00100 Helsinki, Finland","4.20",NULL,NULL
"ChIJCzz3pcULkkYRQcJ8P4r6sH4","SkyWheel Helsinki","Helsinki","FI","https://lh3.googleusercontent.com/p/AF1QipMNoui0qQTta5Dpmdz0TEqjlSoTnltXbSqBDeZH=s1600-w500","Katajanokanlaituri 2, 00160 Helsinki, Finland","4.20",NULL,NULL
"ChIJ09_UWsgLkkYRSioM-ZSyMdI","Ohranan talo","Helsinki","FI","https://lh3.googleusercontent.com/p/AF1QipMp9VV-CydYw4_HZGBkBebWMAuAgmtKywOh_ojN=s1600-w500","Punanotkonkatu 4, 00101 Helsinki, Finland","4.00",NULL,NULL
"ChIJ65b6os0LkkYRmrikGkNKOs4","Statue of Aleksis Kivi","Helsinki","FI","https://lh3.googleusercontent.com/p/AF1QipOuNrFCGwkh9q_Fi0-r4I5dMKmzrA-2sOXLjHaY=s1600-w500","Rautatientori, Vilhonkatu, 00100 Helsinki, Finland","3.70",NULL,NULL
"ChIJ6_-KfsULkkYRuxjduNMHusI","Promenada Helsinki","Helsinki","FI","https://lh3.googleusercontent.com/p/AF1QipPLzZM092pePUm9MX3Jl2pS1lyQWP0Uitw7Lzrl=s1600-w500","Pohjoisesplanadi, 00170 Helsinki, Finland","4.00",NULL,NULL
"ChIJCyCV9TIKkkYRnRieKY3f1bM","Kyösti Kallion muistopatsas","Helsinki","FI","https://lh3.googleusercontent.com/p/AF1QipOkUNoN2S4Qpc2opiusA6jXne7jg4uMRlUwr9vK=s1600-w500","Mannerheimintie 13, 00101 Helsinki, Finland","3.60",NULL,NULL
"ChIJadQBRIcJkkYROghIJKKiklk","Linnanmaki","Helsinki","FI","https://lh3.googleusercontent.com/p/AF1QipOa4rfHx442nXmTUZXBWKuN1fk3jzdY1H7AWkfU=s1600-w500","Tivolikuja 1, 00510 Helsinki, Finland","4.50",NULL,NULL
"ChIJBZO6cM8LkkYRqT10h34bgPg","Keisarinnankivi","Helsinki","FI","https://lh3.googleusercontent.com/p/AF1QipMmXOGlzT7XYVFGCltMFghyG18PSjrFsYBK5h8N=s1600-w500","Katariinankatu 2, 00170 Helsinki, Finland","4.20",NULL,NULL
"ChIJtz6Js8wLkkYRe0TWAN3EDLk","Laituri","Helsinki","FI","https://lh3.googleusercontent.com/p/AF1QipPZ8lleRdmyPyMDm8Rp9g5ncLauaZmw6yiT5u_0=s1600-w500","Narinkka 2, 00101 Helsinki, Finland","4.10",NULL,NULL
"ChIJ3UzZdDUKkkYRSqF-f3v_8J4","Kamera-Galleria","Helsinki","FI",,"Eerikinkatu 46, 00180 Helsinki, Finland","4.00",NULL,NULL
"ChIJKee8y-mUC0cRSaT5SgePAEQ","Jewish Quarter","Prague","CZ","https://lh3.googleusercontent.com/p/AF1QipPNOuphEv2LbMo_HksIeqajLmgM1SvFUyeAP3QC=s1600-w500","U Staré školy, 110 00 Staré Město, Czechia","4.30",NULL,NULL
"ChIJ9wl0fPKUC0cRytWL6QbgLdE","TRAP Prague - The Exit Game","Prague","CZ","https://lh3.googleusercontent.com/p/AF1QipOSngcGAb9Yr3hA1kEqHgBdvd8lZGdPEGyystyg=s1600-w500","Jungmannova 736/12, 110 00 Nové Město, Czechia","4.70",NULL,NULL
"ChIJ8dLze-mUC0cRIh9hE_GctWU","Prague trips and tickets center","Prague","CZ","https://lh3.googleusercontent.com/p/AF1QipPZIQPWMBECK2uII3Qvu6BHhzExG5vW5-mo1LCi=s1600-w500","Czech Republic, Týnská 7, Praha, Czechia","4.20",NULL,NULL
"ChIJKee8y-mUC0cRSaT5SgePAEQ","Jewish Quarter","Prague","CZ","https://lh3.googleusercontent.com/p/AF1QipPNOuphEv2LbMo_HksIeqajLmgM1SvFUyeAP3QC=s1600-w500","U Staré školy, 110 00 Staré Město, Czechia","4.30",NULL,NULL
"ChIJ9wl0fPKUC0cRytWL6QbgLdE","TRAP Prague - The Exit Game","Prague","CZ","https://lh3.googleusercontent.com/p/AF1QipOSngcGAb9Yr3hA1kEqHgBdvd8lZGdPEGyystyg=s1600-w500","Jungmannova 736/12, 110 00 Nové Město, Czechia","4.70",NULL,NULL
"ChIJ8dLze-mUC0cRIh9hE_GctWU","Prague trips and tickets center","Prague","CZ","https://lh3.googleusercontent.com/p/AF1QipPZIQPWMBECK2uII3Qvu6BHhzExG5vW5-mo1LCi=s1600-w500","Czech Republic, Týnská 7, Praha, Czechia","4.20",NULL,NULL
"ChIJm3EbpeOUC0cRG1Kp9vh9Kw8","Prague Segway Tours","Prague","CZ","https://lh3.googleusercontent.com/p/AF1QipO79tWYYq7P6LUhE340QQUNJqWO9l5ooQ9cS_cI=s1600-w500","Maltézské nám. 479/7, 118 00 Malá Strana, Czechia","4.60",NULL,NULL
"ChIJT_DiBvSUC0cRLPuDSuKtZ-I","National Memorial to the Heroes of the Heydrich Terror","Prague","CZ","https://lh3.googleusercontent.com/p/AF1QipNaO7iyYpZqlOxNheiUK4C85vHeHqQ9GKnAziWm=s1600-w500","Resslova 9a, 120 00 Nové Město, Czechia","4.80",NULL,NULL
"ChIJVVVVVe6UC0cRlE_ETwezbc8","City sightseeing Prague Hop On - Hop off","Prague","CZ","https://lh3.googleusercontent.com/p/AF1QipMhN7NBxJuHroYd_-drwgGK7lrBkD9XXy7Q8Akn=s1600-w500","Wax Museum, City Sightseeing Desk, Celetná 15, 110 00 Staré Město, Czechia","2.90",NULL,NULL
"ChIJUf8LaImUC0cRLsFDolOXLKg","MindMaze Prague","Prague","CZ","https://lh3.googleusercontent.com/p/AF1QipMt4xrpLN8CaFAU1Qbu86gH8bnBGt6tzR7M1OX-=s1600-w500","Tyršova 9, 120 00 Nové Město, Czechia","4.80",NULL,NULL
"ChIJW08COB6VC0cRoonZ8lA4rWk","St. Vitus Cathedral","Prague","CZ","https://lh3.googleusercontent.com/p/AF1QipPBmyrk225fhjNEYo9vfl_bIOk6-XO8b2ygrSiJ=s1600-w500","III. nádvoří 48/2, 119 01 Praha 1, Czechia","4.70",NULL,NULL
"ChIJ_9hlpuaUC0cRFyqldrQ5cb0","The narrowest street of Prague","Prague","CZ","https://lh3.googleusercontent.com/p/AF1QipM4WjaVX7q0X3WW6O4PuIsizwO_euDzID69Qgav=s1600-w500","U Lužického semináře, 118 00 Prague 1-Malá Strana-Malá Strana, Czechia","4.10",NULL,NULL
"ChIJBfIPBeuUC0cRphNG7F-4SZM","The Powder Tower","Prague","CZ","https://lh3.googleusercontent.com/p/AF1QipN4vMtocqnM06On4bxtGsBS6sz6ouxyMY_olkQq=s1600-w500","nám. Republiky 5, 110 00 Staré Město, Czechia","4.50",NULL,NULL
"ChIJVTa4MOmUC0cR1WjVAxfAAws","Old Town Hall","Prague","CZ","https://lh3.googleusercontent.com/p/AF1QipOj_X-b9jxQmxuWvin5QYdhnzGt6xDdhxBPArvl=s1600-w500","Staroměstské nám. 1/3, 110 00 Staré Město, Czechia","4.60",NULL,NULL
"ChIJPcZDEMKUC0cRKgBCUsMQwBU","The smallest house in Prague","Prague","CZ","https://lh3.googleusercontent.com/p/AF1QipNUKWS6m0HFDnDF2oEJkNLsMdCEgyhBqU2QjZ1o=s1600-w500","Anežská 1043/4, 110 00 Staré Město, Czechia","3.90",NULL,NULL
"ChIJ6xqyXuWUC0cRC5V8FjQdHyY","Water Zorbing Prague","Prague","CZ","https://lh3.googleusercontent.com/p/AF1QipMG5l15vHT_O7J0hCekNhPnmVSDan4cXM62cmgV=s1600-w500","Smetanovo nábř., 110 00 Staré Město, Czechia","4.40",NULL,NULL
"ChIJNUIyNe-UC0cRnw1-EJKuNLI","Clementinum","Prague","CZ","https://lh3.googleusercontent.com/p/AF1QipOJrCNwRdER0gybYjDnbw6AJHieNL9L1n4sTz4V=s1600-w500","Mariánské nám. 5, 110 00 Staré Město, Czechia","4.30",NULL,NULL
"ChIJczIeIzuVC0cRflGKUlWWozw","eForce FEE Prague Formula","Prague","CZ","https://lh3.googleusercontent.com/p/AF1QipMNjGCc1IAbYZkaGl2Df_qmW0Jr5v4LDxLizWVG=s1600-w500","1902/, Technická 1902/2, 160 00 Praha, Czechia","5.00",NULL,NULL
"ChIJ1XcuBd2UC0cRmArvNbWmjws","Prague Metronome","Prague","CZ","https://lh3.googleusercontent.com/p/AF1QipNEQNW28WxBVO81QJbaeTgS0VNnxK1ou-vvuuvr=s1600-w500","Nábřeží Edvarda Beneše, 118 00 Praha 7, Czechia","4.30",NULL,NULL
"ChIJ8dLze-mUC0cR6WuDQLy3VtA","Prague Trips & Tickets","Prague","CZ",,"Týnská 627/7, 110 00 Staré Město, Czechia","3.70",NULL,NULL
"ChIJjzZaLB6VC0cRxNlBNtYnc9s","St. George's Basilica","Prague","CZ","https://lh3.googleusercontent.com/p/AF1QipPfqXrzP5SDI2GpaU-9WvQUgwhhBAubHjCMqYwy=s1600-w500","119 08 Prague 1, Czechia","4.30",NULL,NULL
"ChIJ788EpH6UC0cRA66suX9jTnU","Pražský řezník – Úniková hra | The Prague Butcher – Escape game Prague","Prague","CZ","https://lh3.googleusercontent.com/p/AF1QipO9jCSlPqet2CYABC_ftCFwJdoArYbMsiG1cAsd=s1600-w500","Sezimova 458/12, 140 00 Praha 4-Nusle, Czechia","5.00",NULL,NULL
"ChIJ0bbnkpKUC0cRSlHAwPodTNs","Úniková hra Praha EscapeX","Prague","CZ","https://lh3.googleusercontent.com/p/AF1QipMJS3hEpFtadq61E-9jmaigIL2al5N3sPGrllM=s1600-w500","Opletalova 921/6, 110 00 Nové Město, Czechia","4.70",NULL,NULL
"ChIJnzLnCMcEdkgRioLEm8rT_aA","Shrek's Adventure","London","UK","https://lh3.googleusercontent.com/p/AF1QipNe3bWNXOVqG9MAuwW6bjII-VDBVJjn6m0r8B--=s1600-w500","Riverside Building, County Hall, Westminster Bridge Rd, Lambeth, London SE1 7PB, UK","4.00",NULL,NULL
"ChIJU88VcScFdkgR3nJPHAxWuIM","The Royal Mews, Buckingham Palace","London","UK","https://lh3.googleusercontent.com/p/AF1QipP0sY7aJNeRSBxLWIg0D9o9jlpX35kj3cp-FNNc=s1600-w500","Buckingham Palace Road, London SW1W 0QH, United Kingdom","4.40",NULL,NULL
"ChIJC0iNWhyo2EcRlULWiGI64K8","Up at The O2","London","UK","https://lh3.googleusercontent.com/p/AF1QipPnQ81cfGKeoujWQm0dPe6NmlJmm_a9ltFQTkoA=s1600-w500","Peninsula Square, London SE10 0DX, UK","4.70",NULL,NULL
"ChIJAcVkt8cEdkgRMppkB6-eoGE","London Eye River Cruise","London","UK","https://lh3.googleusercontent.com/p/AF1QipOzT6niNAE0jwf0dzFk3v5fOf6j3sofFZ6Ru5wd=s1600-w500","The Queen's Walk, Lambeth, London SE1 7PB, UK","4.60",NULL,NULL
"ChIJk9LIC8cEdkgR2TkO-raMEDk","The London Dungeon","London","UK","https://lh3.googleusercontent.com/p/AF1QipP8luN8GzNhxjwA_dLhXzkqABmDkzpOOsb5vo-C=s1600-w500","Riverside Building, County Hall, Westminster Bridge Rd, Lambeth, London SE1 7PB, UK","4.20",NULL,NULL
"ChIJvezzr88EdkgRAxHrEPdiLiY","Banqueting House","London","UK","https://lh3.googleusercontent.com/p/AF1QipMpBvb5BqAvgCIfwpmc3Bg1JzF8GTPPf-XMbLFn=s1600-w500","Whitehall, Westminster, London SW1A 2ER, UK","4.40",NULL,NULL
"ChIJDbhTs1ADdkgR-2MjTkoJXXg","The View from The Shard","London","UK","https://lh3.googleusercontent.com/p/AF1QipM1JO5cruE6O0ZxrbSC6JUKxb-hFs_QJ0s2qlva=s1600-w500","32 London Bridge St, London SE1 9SG, UK","4.50",NULL,NULL
"ChIJ48rSzqocdkgRH9x2NZRo6_M","London's Roman Amphitheatre","London","UK","https://lh3.googleusercontent.com/p/AF1QipP0tf51atLPytCHDi223gQETnPO6E8P_38UVh3i=s1600-w500","Guildhall Yard, London EC2V 5AE, UK","4.50",NULL,NULL
"ChIJ6wZ3wVADdkgRhTVp3CETgBM","The London Bridge Experience & London Tombs","London","UK","https://lh3.googleusercontent.com/p/AF1QipNyTBuFC7NEo-HTGQuMIyC0SQU7pU1kQtzvDVEk=s1600-w500","2 - 4 Tooley St, London SE1 2SY, UK","4.00",NULL,NULL
"ChIJh6xGlCUFdkgRp6BbivF2ipM","Bomber Command Memorial","London","UK","https://lh3.googleusercontent.com/p/AF1QipOqjGOstwquimgnL1PFeP4e3JgDN8p6X6S29B1W=s1600-w500","Green Park along Piccadilly, London W1J 7JZ, UK","4.70",NULL,NULL
"ChIJk8pqwLkEdkgRHijuUuVcqFY","London Waterloo","London","UK",,"8se, 12 Lower Rd, London SE1 8SE, United Kingdom","1.00",NULL,NULL
"ChIJja_gTpkEdkgR-E6j4xOEPng","Escape Plan","London","UK","https://lh3.googleusercontent.com/p/AF1QipPEBM0gziSnckIm4QCH6F1U3VinycsiBu9gQYr8=s1600-w500","13A Iliffe Yard, London SE17 3QA, UK","4.80",NULL,NULL
"ChIJc2nSALkEdkgRviluWxwFsxA","London Aquarium","London","UK","https://lh3.googleusercontent.com/p/AF1QipPePqMQvLG8jWDOGAljJ_XN8JoMPVX9W1-uFYea=s1600-w500","County Hall, Westminster Bridge Rd, Lambeth, London SE1 7PB, UK","4.20",NULL,NULL
"ChIJx1nk8cQEdkgRncZvte1A_Jg","David Lloyd George Memorial","London","UK","https://lh3.googleusercontent.com/p/AF1QipNSo_c_0AYD9miUVrnuz1yyW0ryraNcdn617fzf=s1600-w500","12 Great George St, Parliament Square, Westminster, London SW1P 3AE, UK","0.00",NULL,NULL
"ChIJkZc9vscEdkgRjH-GxLVVu2c","London Eye Ticket Office","London","UK","https://lh3.googleusercontent.com/p/AF1QipMeFYx5W8cVAwZKu_2Cxp4dhXHhwDJYzmSoaMbN=s1600-w500","County Hall, Riverside Building, London SE1 7PB, United Kingdom","4.10",NULL,NULL
"ChIJV_iXMtcadkgRqBI84CY_crE","ZSL London Zoo","London","UK","https://lh3.googleusercontent.com/p/AF1QipNOrX5Ii1zeuuV-llRGV_DTavpi9w_c9F6kV1n2=s1600-w500","London NW1 4RY, UK","4.20",NULL,NULL
"ChIJLX7eRWao2EcRkiRHooYAyJs","The Thames Barrier","London","UK","https://lh3.googleusercontent.com/p/AF1QipP-Osn-z-SiAoKSFu3HPhv25gZnLOAJsZKn-bZA=s1600-w500","1 Unity Way, London SE18 5NJ, UK","4.40",NULL,NULL
"ChIJa5LcQyAFdkgRxluCfvpp1z0","London Dungeons","London","UK",,"The Queen's Walk, Lambeth, London SE1 7PB, UK","4.50",NULL,NULL
"ChIJO7xfo-sadkgRFOezPgVXK_o","Panoramic Views London","London","UK","https://lh3.googleusercontent.com/p/AF1QipMR9yTDaqed4CpWndhN4dTKO0auWaUfy3yrQDdd=s1600-w500","London NW3 3AX, UK","4.70",NULL,NULL
"ChIJA73af8YEdkgRfCHPh8rCVPc","Thames Jet","London","UK","https://lh3.googleusercontent.com/p/AF1QipOQer-e0ThT9kb7tQM1fhirkqWqfOBHZ3pcC1EZ=s1600-w500","Westminster Pier, Boarding Point F, Victoria Embankment, London SW1A 2JH, United Kingdom","4.50",NULL,NULL
"ChIJIVmIXh1s0TgR503UkiI65zU","Sehat-e-Ama Roundabout","Kabul","AF","https://lh3.googleusercontent.com/p/AF1QipMdT1NtAtYXsWATDUSYsr88-QVw5kQsDcX5aE3z=s1600-w500","Kabul, Afghanistan","5.00",NULL,NULL
"ChIJpcjYXTtp0TgR5iHQ3JmAb1s","BAGH BABUR","Kabul","AF","https://lh3.googleusercontent.com/p/AF1QipOwcAjKkX1eXh2ZsVWT4Dp_HuuWo2dr6GOeP1BL=s1600-w500","34.503°N 69., Block 157-158 Walkway, Kabul, Afghanistan","4.50",NULL,NULL
"ChIJ2yu9xS9p0TgR-sFyYH5Evq0","Kabul Zoo","Kabul","AF","https://lh3.googleusercontent.com/p/AF1QipMwCj5I5ui4H_pmSW6BYSNYkhX5X7EXFhyzIvwi=s1600-w500","Asmayi Rd, Kabol, Afghanistan","3.90",NULL,NULL
"ChIJ7cX2ce9r0TgR47iPRqGB6OQ","Green life travel and tours / شرکت توریستی و سیاحتی زندگی سبز","Kabul","AF",,"Kabul, Afghanistan","3.80",NULL,NULL
"ChIJ0eYgbmBo0TgR0LgcoZ6HrJw","National Museum of Afghanistan","Kabul","AF","https://lh3.googleusercontent.com/p/AF1QipPbM-hefILZ7BTmQhWfsBfdgIrLTpyHXCHeLdk7=s1600-w500","Darulaman Rd, Kabol, Afghanistan","4.40",NULL,NULL
"ChIJY_3Dk-Fr0TgRbLSwt6wVkH8","Qilla Bala Hissar قلعہ بالا حصار","Kabul","AF","https://lh3.googleusercontent.com/p/AF1QipM-APhpt7a3mLBYdsDerodBsdhpu2ndJYvaBXCQ=s1600-w500","Kabul, Afghanistan","3.60",NULL,NULL
"ChIJdxaW2FFp0TgRNjLRpiC7jbk","Pul-e Kheshti Mosque","Kabul","AF","https://lh3.googleusercontent.com/p/AF1QipOqzYQ9WtWOCFToGdlHlfdOFxc5iRiQIhQ6aOWD=s1600-w500","Kabul, Afghanistan","4.40",NULL,NULL
"ChIJhwZW3yhp0TgRm1V1wcGTY_o","Opal Travels","Kabul","AF","https://lh3.googleusercontent.com/p/AF1QipNnQeadvr1Dmo5WalmQw6JqXAUKmC5712oDJOZq=s1600-w500","Next to Darbar Shahi Restaurant, Third Police District Road, Karte 4، Kabul, Afghanistan","5.00",NULL,NULL
"ChIJcTAKWUtp0TgRb8t5ktKq3_o","Abdul Rahman Khan Jamia Masjid","Kabul","AF","https://lh3.googleusercontent.com/p/AF1QipNvFdAIHsy2V-BsaX_pqvc33ZJ-plSglflGEOU2=s1600-w500","Kabul, Afghanistan","4.80",NULL,NULL
"ChIJsdE8clpp0TgRMN5EEdoyorA","Kabul Street Fair Park","Kabul","AF","https://lh3.googleusercontent.com/p/AF1QipPsGuO3jTJbqNzkfikaP7UOTMzh62NBOZVqEhAM=s1600-w500","1، 112 Maiwand Road, Kabul, Afghanistan","3.40",NULL,NULL
"ChIJ0bRsXhcxUBMR0UpVF8ERl-8","Tanners' Bridge","Tirana","AL","https://lh3.googleusercontent.com/p/AF1QipPuaxW77b3i4jOw_MCTUug7rKAAhIb3lboJub4C=s1600-w500","Bulevardi ""Jean D'Arc"", Tirana, Albania","4.30",NULL,NULL
"ChIJ967e7KoxUBMRLpyFskJoObg","TIRANA","Tirana","AL","https://lh3.googleusercontent.com/p/AF1QipPqdb6DVNQF2P0wr_YrJ40wWfHJoGwZ-shNJx3a=s1600-w368","Bulevardi Gjergj Fishta, Tirana, Albania","0.00",NULL,NULL
"ChIJObkn_A8xUBMRFY95E3CdgpE","Skanderbeg Square","Tirana","AL","https://lh3.googleusercontent.com/p/AF1QipOS-fXJMWHR8eTqbX5cZO08V63-cCIFPQUMmSzz=s1600-w500","Sheshi Skënderbej, Tirana 1000, Albania","4.60",NULL,NULL
"ChIJU6Y2xRoxUBMRgcyEzhENuaM","Reja - The Cloud","Tirana","AL","https://lh3.googleusercontent.com/p/AF1QipMcnbHJbfK3rnCgojoq7uuuXYIPvCcUFlPKR5px=s1600-w500","Tirana, Albania","4.40",NULL,NULL
"ChIJ13HJcBsxUBMRg0s9vq3gwuA","Pyramid of Tirana","Tirana","AL","https://lh3.googleusercontent.com/p/AF1QipOuwQLI4N2n92fOAMLUKl_0SVCNJ8dgPsilbm4h=s1600-w500","Tirana, Albania","3.60",NULL,NULL
"ChIJESRj6hwxUBMR-RY-2HUOVzo","Postbllok - Checkpoint","Tirana","AL","https://lh3.googleusercontent.com/p/AF1QipPeHhATwD5bt2FKg6JVFacERhjFLzkA5RM4Gd1u=s1600-w500","Shqipëria, Bulevardi Dëshmorët e Kombit, 1000, Albania","4.00",NULL,NULL
"ChIJd_pbcw8xUBMRDt9s5aAWOmA","Albania Tourist Group","Tirana","AL","https://lh3.googleusercontent.com/p/AF1QipMeUjiIrO9Lietn3h_0lylbBnJP-jOTczYUmv9l=s1600-w500","Rruga e Durrësit 106, Tirana, Albania","4.30",NULL,NULL
"ChIJT9cm0QQxUBMRzDBvF59U2ws","Park Rinia","Tirana","AL","https://lh3.googleusercontent.com/p/AF1QipNEsOGoXJr0nXLNZ7DodQVR72URlZbZJY5gQHM=s1600-w500","Tirana, Albania","4.30",NULL,NULL
"ChIJ-zvWrxwxUBMRWrgXN_hrc8Q","Hotel Boutique Kotoni","Tirana","AL","https://lh3.googleusercontent.com/p/AF1QipOo_BoU-KpA-Sx5C4kksmB_jo_CcQmbNGSPV3GF=s1600-w500","Rruga Donika Kastrioti, Tirana 1000, Albania","4.70",NULL,NULL
"ChIJDXyWqHYxUBMRcdJjBZxmgJY","Attraction place Albania","Tirana","AL","https://lh3.googleusercontent.com/p/AF1QipM5ZCsJ6tC-eaFcmAw5LctZgNrZ_2S606yyAbaa=s1600-w500","Shemsi Haka Street 34/3 First Entrance Tirana, 1004, Albania","0.00",NULL,NULL
"ChIJS2JUNacxUBMRBG3cQpNLIEE","Albania Adventure","Tirana","AL","https://lh3.googleusercontent.com/p/AF1QipMHwVCRKR0_gh72RmTeR9C2kOKx21X8Q3Vso7JB=s1600-w500","Rruga Don Bosko, Caritas Shqiptar, Nr.4, Tiranë 1001, Albania","5.00",NULL,NULL
"ChIJ2XOfBRAxUBMRxMsbIMvf_-Y","Et'hem Bej Mosque","Tirana","AL","https://lh3.googleusercontent.com/p/AF1QipPrOtdqzwfWEQ47jm-TIRCbp7Ayv2KPL8UCzLz6=s1600-w500","AL, Sheshi Skënderbej, 1000, Albania","4.50",NULL,NULL
"ChIJ8UCauA8xUBMRnbaL_o6uAXc","National History Museum","Tirana","AL","https://lh3.googleusercontent.com/p/AF1QipP_S19EFn5O49Uw5UwbkTDlwqJQZSHbHZ3XILn0=s1600-w500","Sheshi Skënderbej 1, Tirana 1000, Albania","4.40",NULL,NULL
"ChIJm-9VLcsxUBMR1uUgW6YfR1U","ALBANIAN TOURISM","Tirana","AL","https://lh3.googleusercontent.com/p/AF1QipM2fUOzibClKDEa1WD-rD_skc9uzU_LpYrBAsR5=s1600-w500","Rruga Ares Jorgji Yzberisht, Tirane, 1053, Albania","4.00",NULL,NULL
"ChIJHQWt-AAxUBMR5WSJABN6jGg","Choose Balkans - Albania Tour Operator","Tirana","AL","https://lh3.googleusercontent.com/p/AF1QipP50xk4cKUbViqDqZufsj05Ke_zZTftq6jKnWKf=s1600-w500","Bajram Curri Blvd, Tirana, Albania","4.90",NULL,NULL
"ChIJ935eHI4vUBMRcI37hGnVlLo","Kalaja Depo","Tirana","AL","https://lh3.googleusercontent.com/p/AF1QipPGwOGAAbiD81E1uQesxt4jSuaquqdegu54DVfc=s1600-w500","Albania","4.00",NULL,NULL
"ChIJZWs-dN8wUBMRq_gXknVzJY8","Sofra e Ariut","Tirana","AL","https://lh3.googleusercontent.com/p/AF1QipOpqJFDsHT1ODlCsHxbvZhuhgbKjABdQFnvo3J5=s1600-w500","Nd. 54 H.1 Njësia Bashkiake Nr. 1, 1019, Rruga e Elbasanit, Tiranë, Albania","4.30",NULL,NULL
"ChIJV56rDQMxUBMReMR6z7xghyY","Pizzeria DELIZIOSA","Tirana","AL","https://lh3.googleusercontent.com/p/AF1QipOPqcAABjTVPuhATDbInbjZvalG1NAACtHJgN8w=s1600-w500","Rr.Brigada e 8 , Blloku,Tirana Tirana Tirana, 1005, Albania","4.20",NULL,NULL
"ChIJNxbrC1AxUBMR3btF-SVV7NQ","Xhura Mosque مسجد","Tirana","AL","https://lh3.googleusercontent.com/p/AF1QipP_YbmhFj8UIvuW0ZFqHO5XCfSdbtGV2fNyR1ah=s1600-w500","Rruga Belul Hatibi, Tirana, Albania","4.70",NULL,NULL
"ChIJnRTgSg4xUBMR7mers7tg1-I","Tourist Information Office","Tirana","AL","https://lh3.googleusercontent.com/p/AF1QipOmSAg8Rm3V0DlS8jy9Jtr-WdoBUC7wjMqDTnCl=s1600-w500","Rruga Ded Gjo Luli, Tiranë, Albania","4.00",NULL,NULL
"ChIJ0aNHCv6yjxIRwOCawOfbpo0","Martyrs' Square","Algiers","DZ","https://lh3.googleusercontent.com/p/AF1QipM1Gum9noGt47XCtyPvGq3RJx2SH5ptBdHpb9fm=s1600-w500","Boulevard Amilcar Cabral, Algiers 16000, Algeria","4.30",NULL,NULL
"ChIJXXNm9UGyjxIR0Uhab0vGNXI","Tifariti Garden","Algiers","DZ","https://lh3.googleusercontent.com/p/AF1QipP0AjotXPaSwT003jUoLqbw9Nv0_xbiI1Meqpxy=s1600-w500","Chemin Sfindja, Alger Centre 16000, Algeria","4.20",NULL,NULL
"ChIJeY6RSPmyjxIRhMFV1ig3KPI","Gare","Algiers","DZ","https://lh3.googleusercontent.com/p/AF1QipN3i8xpzcHjswmiqaBRgROZf37nWohC78FRpLMp=s1600-w500","Rampe Magenta, Casbah 16000, Algeria","2.50",NULL,NULL
"ChIJt-YOVFyyjxIRtjbcqm_m8U4","ARTABAS CONSTRUCTION","Algiers","DZ","https://lh3.googleusercontent.com/p/AF1QipPRRsgWKYxuVm5ZvtfR-va-RAAea2V5ycoCHUy7=s1600-w480","Mohamed 5 Blvd, Alger Centre 16000, Algeria","3.00",NULL,NULL
"ChIJVes1dZ2yjxIRPKvH9FziPJM","The shrine of the martyr","Algiers","DZ","https://lh3.googleusercontent.com/p/AF1QipOt5mfNkkhMFdYmlc8VRymwmyPrqFna6EmJ-_3k=s1600-w500","Chemin Omar Kechkar, Algiers, Algeria","4.40",NULL,NULL
"ChIJcRgae_utjxIRjTOkXay5jwg","Zoo ben aknoun","Algiers","DZ","https://lh3.googleusercontent.com/p/AF1QipPfVwFNhJ8YNC25hy8PHIab9CNFoZg_xWvb-VLv=s1600-w500","Chemin de d'attraction, Hydra, Algeria","3.20",NULL,NULL
"ChIJ0U8AJf6yjxIRk-x--4UblRI","Dar Hassan Pacha","Algiers","DZ","https://lh3.googleusercontent.com/p/AF1QipPgK_PmXjz0DocAahjp7eYXJyp2nvOifv3snFdz=s1600-w500","Algiers 16000, Algeria","4.30",NULL,NULL
"ChIJh2nCGZmyjxIRcUslJTMI1Uk","Jardin d'essai - Alger","Algiers","DZ","https://lh3.googleusercontent.com/p/AF1QipPjSZJBOdTecUK6YYXgVsw9d4pEK9w41YGVLW7K=s1600-w500","Mohamed Belouizdad, Algeria","4.60",NULL,NULL
"ChIJGXPgmeGtjxIRSLVoqk1cEtM","DRISSI VOYAGE","Algiers","DZ",,"Chemin Said Hamdine, Bir Mourad Raïs, Algeria","5.00",NULL,NULL
"ChIJsYI20F9NjhIR3VokaielES4","Sablettes Beach","Algiers","DZ","https://lh3.googleusercontent.com/p/AF1QipNpmduCxAiMS03X5DxtIgyUP6zlULR0Yx8qcMGg=s1600-w500","Hussein Dey, Algeria","3.90",NULL,NULL
"ChIJvSi1eQtSjhIR7SM16aDoKhg","Dream Park","Algiers","DZ","https://lh3.googleusercontent.com/p/AF1QipMlmZ28-65FRWN7FrvaZuiuY8PWju0tnrqxb_c5=s1600-w500","Mohammadia, Algeria","3.50",NULL,NULL
"ChIJoTYgO0OyjxIReUhseHo-38Q","Beyrouth Parc","Algiers","DZ","https://lh3.googleusercontent.com/p/AF1QipMXbC6e9ycztsy0QhZer9OeMRh1U0fu9MgW0TCN=s1600-w500","94 Boulevard Colonel Krim Belkacem, Alger Ctre, Algeria","4.40",NULL,NULL
"ChIJKQS5roCxjxIRJ6LCQQbRYa0","Sidem Ingeneering","Algiers","DZ",,"116, Route Neuve, Algeria","3.60",NULL,NULL
"ChIJv_nH9ZGtjxIR-IWiTQUlBRA","Aqua techniques","Algiers","DZ",,"Cite Castors 4éme groupe Bir Mourad Rais Alger, 16005, Algeria","0.00",NULL,NULL
"ChIJc7_dWmiyjxIR7XJXpMkuJ6o","Freedom Park","Algiers","DZ","https://lh3.googleusercontent.com/p/AF1QipNqHNOrIQvZvV4nqcmT1qF2k0pmNSUj91ovTTaj=s1600-w500","Rue Didouche Mourad, Algiers 16000, Algeria","4.20",NULL,NULL
"ChIJMfuGcOhSjhIRhqTbu9uFRpc","Parc de PRISE D'EAU","Algiers","DZ","https://lh3.googleusercontent.com/p/AF1QipN-9FA8qb82Xq7l8CHS9RattDnfwlIAxOrl86Pw=s1600-w500","Bourouba, Algeria","3.20",NULL,NULL
"ChIJu2f7VHyyjxIROTe5WlHCE_k","Martyrs Mosque","Algiers","DZ","https://lh3.googleusercontent.com/p/AF1QipMTjaEspl82SJye2MAnyi1ZcHzHWdg43fsAfkwG=s1600-w500","Boulevard Des Martyrs, Alger, Algeria","4.00",NULL,NULL
"ChIJeWNeRZ1SjhIRPnYrOt3mm9U","الصبلات 2015","Algiers","DZ","https://lh3.googleusercontent.com/p/AF1QipPyzu42F6zjFoQn-j_clJ04s7ju4TjiDVh1sM3w=s1600-w500","Hussein Dey, Algeria","4.40",NULL,NULL
"ChIJ6wtYCnGyjxIRXEWMsm0MJmE","Atlas Forest","Algiers","DZ","https://lh3.googleusercontent.com/p/AF1QipN4fDNco68RODPu36KSmcySNRjtQOd0e_TLQ-Cj=s1600-w500","Avenue Mohammaedi, Alger, Algeria","4.30",NULL,NULL
"ChIJky8AHp-wjxIRcfbV1eQDsX0","Plage Dominque","Algiers","DZ","https://lh3.googleusercontent.com/p/AF1QipOGIpynXljC6OJe17fcridS-TXJkB2c-v3ZIpNf=s1600-w500","Ain Benian, Algeria","4.50",NULL,NULL
"ChIJRwtBodSKpRIR6S_zoNiURFE","National Stadium MI Consell","Andorra","AD","https://lh3.googleusercontent.com/p/AF1QipPNVtJZ8oJCIoLQwBHWGQB_TPS5nULRg0Hp2Ss=s1600-w500","AD500 Andorra la Vella, Andorra","4.00",NULL,NULL
"ChIJwf9TQduKpRIRt3H1pX6KHOY","Claustrophobia Andorra Escape Rooms","Andorra","AD","https://lh3.googleusercontent.com/p/AF1QipOgbKhUCZ3cmTjUQHemjWLHBUy2SSsJK9qdZGeB=s1600-w500","Avd, Esteve Albert, AD700 Escaldes-Engordany, Andorra","4.80",NULL,NULL
"ChIJIxUNJHzzpRIRU6dWA6zx4tc","Cal Pau de la Ramona","Andorra","AD",,"AD600, Andorra","0.00",NULL,NULL
"ChIJd83NQNOKpRIR7jjpJQek2d4","Cal Cintet","Andorra","AD",,"Plaça Príncep Benlloch, 4-6, AD500 Andorra la Vella, Andorra","0.00",NULL,NULL
"ChIJ9e6_QMpfrxIRuafbPi7mwOA","Coco Room Andorra","Andorra","AD","https://lh3.googleusercontent.com/p/AF1QipNObcd9rWco7o-AitpHqkuwbJxpyXIJ5hCRzf1U=s1600-w500","Av. de Sant Antoni, 48, AD400 La Massana, Andorra","5.00",NULL,NULL
"ChIJzTFyy4z0pRIRTcXTcpQUTB8","Vell forn de calç de la Margineda","Andorra","AD",,"Carrer dels Emprius, 12, AD500 Andorra la Vella, Andorra","0.00",NULL,NULL
"ChIJ6XXyW2XzpRIRdJiIPk-Vlb0","Colomer d'Aubinyà","Andorra","AD","https://lh3.googleusercontent.com/p/AF1QipNBRqnrJZQVi5ny4ux9rroiacIz5g5FOLdsRUe4=s1600-w500","AD600, Andorra","0.00",NULL,NULL
"ChIJFX62BzPzpRIRIvsCsz92bG8","Tobotronc - Estación de descenso","Andorra","AD","https://lh3.googleusercontent.com/p/AF1QipP4ZghZuqsvWxgXVktAQ1g4gcQX-I6InRsoaAqz=s1600-w500","Ctra. de la Rabassa, AD600 Sant Julià de Lòria, Andorra","4.30",NULL,NULL
"ChIJs-OCBNSJpRIR1ZiLMNNSPNQ","Via Ferrada dels Clots de l'Aspra","Andorra","AD","https://lh3.googleusercontent.com/p/AF1QipNY4F0qxAEi1EkxiqOoMCRZD6SjnTsGExp4vaBY=s1600-w500","AD200 Encamp, Andorra","4.40",NULL,NULL
"ChIJU7nEichdrxIRPWzhGYWAX44","Llacs de Tristaina","Andorra","AD","https://lh3.googleusercontent.com/p/AF1QipMBy9lnkbZtAS86VU_A03np7iO9Xd3W1gSMVOfu=s1600-w500","Estany Primer, Andorra","4.80",NULL,NULL
"ChIJncQ-OwiKpRIRWKH1o14rFnU","Torre dels Moros","Andorra","AD","https://lh3.googleusercontent.com/p/AF1QipMxdadmlqcxpZfTh4QlTxhSVLr_cP11RI2ACCW4=s1600-w500","AD200 Encamp, Andorra","4.10",NULL,NULL
"ChIJlW9G4_FdrxIRwvYyo42x3Ww","Cabanes del Castellar","Andorra","AD","https://lh3.googleusercontent.com/p/AF1QipN-8tXHRSZrPx4Xx6IAPqagPPcMr-9d_pK6Kjk8=s1600-w500","AD300 Ordino, Andorra","4.60",NULL,NULL
"ChIJqZvkv4L0pRIR2gS0dwv4BRc","Cal Sisquet","Andorra","AD","https://lh3.googleusercontent.com/p/AF1QipMT6FmjOb9fOSTGcKfOD7RVaLO4yMnk_hzmh-7j=s1600-w500","Av. Verge de Canòlich, 23, AD600 Sant Julià de Lòria, Andorra","3.00",NULL,NULL
"ChIJOfwUchXzpRIRqfrnFHXsQv8","Naturlandia","Andorra","AD","https://lh3.googleusercontent.com/p/AF1QipP7yUupiR-9nzfBCafugmsK_gCoA06YSA7MO9KQ=s1600-w500","Ctra. de la Rabassa, AD600 Sant Julià de Lòria, Andorra","3.70",NULL,NULL
"ChIJgUAk9NCKpRIRPnxX7YvRKRA","Oficina de Turisme de la Rotonda","Andorra","AD","https://lh3.googleusercontent.com/p/AF1QipM94d0CdSQBJLAy9tGKrmFwRvWYeB8LjQ3f5nFI=s1600-w500","Av. Meritxell, 73, AD500 Andorra la Vella, Andorra","4.20",NULL,NULL
"ChIJKzG2c_uJpRIRDLlNXGGms58","Lloc Pagà de Michael Warren","Andorra","AD",,"AD200 Encamp, Andorra","3.50",NULL,NULL
"ChIJLf1wFVyKpRIRvBUSUijcads","Vell Terminal del funicular d'Engolasters","Andorra","AD","https://lh3.googleusercontent.com/p/AF1QipOFNiiDZ5_rR6x5Tagaj8kHS-fzKT40R-lRWpS7=s1600-w500","Ctra. d'Engolasters, 10, AD700 Escaldes-Engordany, Andorra","4.10",NULL,NULL
"ChIJz7GQzLWLpRIR0Xnx5_ZF1AI","Presa i caseta del guarda de Ràmio","Andorra","AD","https://lh3.googleusercontent.com/p/AF1QipM9JWwNRjlanR7rSONQAMryXHQ_ZJ8-VvihrXH3=s1600-w500","AD700 Les Escaldes, Andorra","0.00",NULL,NULL
"ChIJm-LlitCKpRIRQlREymht_wY","Noblesse du Temps Salvador Dalí","Andorra","AD","https://lh3.googleusercontent.com/p/AF1QipPJkrM1ShzFuVb0YkArjszuVapYjPOuOJbeVGgH=s1600-w500","Plaça de la Rotonda, AD500 Andorra la Vella, Andorra","4.40",NULL,NULL
"ChIJAQl6Hy31pRIRW_eVODvlHKI","Solá irrigation canal trail","Andorra","AD","https://lh3.googleusercontent.com/p/AF1QipPEBdWR2QNRPjA7iDeO9qMNu0WRULMnf_b4LO2o=s1600-w500","Passeig del Rec del Solà, AD500 Andorra la Vella, Andorra","4.70",NULL,NULL
"ChIJwdw8U1jyURoRngCTwfVNpio","Fortress of São Miguel","Luanda","AO","https://lh3.googleusercontent.com/p/AF1QipMBcuwwLXf12nabLwTRFIa03OgGjmTwAncYXOkp=s1600-w500","Calçada de São Miguel, Luanda, Angola","4.10",NULL,NULL
"ChIJEW5A9yb1URoRQpOnvnhbba4","INFOTUR.INSTITUTO DE FOMENTO TURISTICO DE aNGOLA","Luanda","AO",,"Luanda, Angola","4.00",NULL,NULL
"ChIJ7e31vFHyURoRI1qDr6vuMKU","Cathedral of the Holy Saviour","Luanda","AO","https://lh3.googleusercontent.com/p/AF1QipNKRoKAAFZiD8dOdD8WxoG9NdUc8n7TXImCiLQa=s1600-w500","Luanda, Angola","4.30",NULL,NULL
"ChIJD0sRUh7uURoRZDnivczQnRU","S. Pedro da Barra","Luanda","AO","https://lh3.googleusercontent.com/p/AF1QipPRwQURH2q9rEGFeFTXw-Bsl7dKDTuGdmaGAhmx=s1600-w500","Luanda, Angola","3.90",NULL,NULL
"ChIJMTKovePtURoRvfBKwg_5oNI","Fortaleza de N. Sra. da Flor da Rosa","Luanda","AO","https://lh3.googleusercontent.com/p/AF1QipPrcL1jN__wrWLNtIr_qqqtsuuU_XEuR2dJCSyD=s1600-w500","Av. Murtala Mohammed, Luanda, Angola","4.10",NULL,NULL
"ChIJgTF3jMLzURoRBPuqzbTWZGA","Luanda Bullring","Luanda","AO","https://lh3.googleusercontent.com/p/AF1QipPuQpKKx8NZQcWD2Dwo5yH-FsJM57o2c-FLioTp=s1600-w500","Luanda, Angola","3.20",NULL,NULL
"ChIJMYD5uOS8akARZUvcEE41k5E","Charles Aznavour square","Yerevan","AM","https://lh3.googleusercontent.com/p/AF1QipNzVUNgVftZcPvp3t4HcPzL6il8XZg2iChd85zu=s1600-w500","Abovyan St, Yerevan, Armenia","4.70",NULL,NULL
"ChIJLzqoR-K8akARifW3smujBaI","Freedom Square","Yerevan","AM","https://lh3.googleusercontent.com/p/AF1QipOMdldoZ65TVJZCcGK9FaQ9E6oywTOmLDQeyC1l=s1600-w500","Yerevan, Armenia","4.70",NULL,NULL
"ChIJ95kEjCG9akARw1QLPYteFlQ","Cascade Complex","Yerevan","AM","https://lh3.googleusercontent.com/p/AF1QipMBpmdduYjoaBYbgNU0VLuNDLmbuMnFfbkbE2eo=s1600-w500","10 Tamanyan St, Yerevan 0009, Armenia","4.70",NULL,NULL
"ChIJYQzkoVq9akARHaznQTJbseU","Yerevan Zipline Airlines","Yerevan","AM","https://lh3.googleusercontent.com/p/AF1QipN67DMUahaRg6L64l7sjBynn7QoVXn3lZ5dDCtx=s1600-w500","Nor Arabkir, Yerevan, Armenia","5.00",NULL,NULL
"ChIJabVcPfi8akARbqitIBqr4BU","Elite Plaza Business Center","Yerevan","AM","https://lh3.googleusercontent.com/p/AF1QipOGRaKUGLAflYfI-DQZJpV3toYVyEXL3IvwYOG0=s1600-w500","15 Movses Khorenatsi Street Yerevan AM 0010, 15 Movses Khorenatsi Street, Yerevan, Armenia","4.60",NULL,NULL
"ChIJoXpqw_q8akARFtDiRHW6adM","Sakharov Square","Yerevan","AM","https://lh3.googleusercontent.com/p/AF1QipPtDpjjT7FEovBnc7JOeXaQ2NXWQBiRca0UuR8H=s1600-w500","Nalbandyan St, Yerevan, Armenia","4.20",NULL,NULL
"ChIJ9XN_SlmiakAR0n-2Zv3dZmQ","Levon's Divine Underground","Yerevan","AM","https://lh3.googleusercontent.com/p/AF1QipM8rFOwPSsIAKvNT2lSHHbIDf-GuhZ-M4_vfesR=s1600-w500","Arinj, Armenia","4.80",NULL,NULL
"ChIJbzv8jCa9akARtcc1eFOXusM","Ferris wheels","Yerevan","AM","https://lh3.googleusercontent.com/p/AF1QipNrY74GSQfALn0zSHUVrhsvUyYtE6HE9y24c0Jv=s1600-w500","Yerevan, Armenia","4.20",NULL,NULL
"ChIJrT6lFy2jakAREBxoARzZl-4","Eagles","Yerevan","AM",,"Yerevan, Armenia","5.00",NULL,NULL
"ChIJa9W_M828akAR14C4Ek690-0","Przewalski's Horses","Yerevan","AM",,"Yerevan, Armenia","5.00",NULL,NULL
"ChIJu8PyMM28akARkY5jGO4i6DE","Asiatic Black Bear","Yerevan","AM","https://lh3.googleusercontent.com/p/AF1QipP-AWxHHYZwd8uDa9dJZCIr2et6bq0vED1kyHZN=s1600-w500","Yerevan, Armenia","4.50",NULL,NULL
"ChIJTxBEjxm9akARwCFzp_DYTZ4","Lovers' Park","Yerevan","AM","https://lh3.googleusercontent.com/p/AF1QipMBVqIEvKcFsMcve0qbWNXRmgeO6wGetG2IKI8S=s1600-w500","21 Marshal Baghramyan Ave, Yerevan 0019, Armenia","4.60",NULL,NULL
"ChIJ_Qanc_q8akARPiWpa6KWvOk","OPEN AIR EXPOSITION - ԲԱՑՕԹՅԱ ՑՈՒՑԱՀԱՆԴԵՍ - ВЫСТАВКА ПОД ОТКРЫТЫМ НЕБОМ","Yerevan","AM","https://lh3.googleusercontent.com/p/AF1QipNFvofypOcnUyUKASJ3j3Nq-JcBrLwxYGmIWzCy=s1600-w500","Yerevan, Armenia","4.90",NULL,NULL
"ChIJ2XqX8CC9akAR121uu-BYIX8","Matenadaran","Yerevan","AM","https://lh3.googleusercontent.com/p/AF1QipNWg-4feA-qBKctqF5Bafin-0culO2imLALmMBR=s1600-w500","53 Mashtots Avenue, Yerevan 0009, Armenia","4.80",NULL,NULL
"ChIJSe921fq8akARRpoSFy5Maqo","ONE WAY TOUR - travel to Armenia","Yerevan","AM","https://lh3.googleusercontent.com/p/AF1QipMNCC7cYxN-wSG2Qy16UWKKHtsnJj0edqkd4sKf=s1600-w500","AM, 0002, 16 Ghazar Parpetsi St, Yerevan, Armenia","4.40",NULL,NULL
"ChIJE28KstK8akARQ8YVOWN-huk","Yerevan Zoo","Yerevan","AM","https://lh3.googleusercontent.com/p/AF1QipM-7bl2DOEEgSalXtYxFOV1lWC1YwrohnIUMVNZ=s1600-w500","20 Myasnikyan Ave, Yerevan 0025, Armenia","4.60",NULL,NULL
"ChIJr4cu__y8akARDYAFR1X6kAs","Missak Manouchian Park","Yerevan","AM","https://lh3.googleusercontent.com/p/AF1QipN9u5fhezVXjNbdqzqqFdodk9fbstpS0ujxHcYS=s1600-w500","Mesrop Mashtots Ave, Yerevan, Armenia","4.50",NULL,NULL
"ChIJrQi3NS2jakAR9fwZrtD5trY","Brown Bears","Yerevan","AM","https://lh3.googleusercontent.com/p/AF1QipN8rPN63WfLxdBcsVOy0w68Zmat1aykvOfFHVoR=s1600-w500","Yerevan, Armenia","5.00",NULL,NULL
"ChIJTbVE-ya9akAR_8t8r73YgqU","Eternal Fire","Yerevan","AM","https://lh3.googleusercontent.com/p/AF1QipOMShDyH32a2N2R1e3dAd0f26BwgwfLZ4pDlkvH=s1600-w500","Yerevan, Armenia","4.80",NULL,NULL
"ChIJFaoGYwi9akARYmeM7DuiviY","Tsitsernakaberd Armenian Genocide Memorial Complex","Yerevan","AM","https://lh3.googleusercontent.com/p/AF1QipP3EoIypANrsPTZYP85tjKOvX4fzBYW91AVPmOu=s1600-w500","Tsitsernakaberd Hwy, Yerevan, Armenia","4.70",NULL,NULL
"ChIJ-UDjOkFNFmsRMS4-Ta5Bcxw","National Film and Sound Archive of Australia (NFSA)","Canberra","AU","https://lh3.googleusercontent.com/p/AF1QipOQOVha8l8rreHcrDQiklSPfYp-0UKm5u7Pvx2Y=s1600-w500","McCoy Circuit, Acton ACT 2601, Australia","4.10",NULL,NULL
"ChIJRx-v7RRNFmsRCSwZfYJMHdU","National Capital Exhibition","Canberra","AU","https://lh3.googleusercontent.com/p/AF1QipNu0QXbISTwyNRLbj6wO7rWuGauTpaB8cO_9FAN=s1600-w500","Barrine Dr, Parkes ACT 2600, Australia","4.30",NULL,NULL
"ChIJEbzQhz1NFmsROGnVx-b_j2I","National Carillon","Canberra","AU","https://lh3.googleusercontent.com/p/AF1QipMDvyHWGBtXS1dmXUOug7G8u-yNFx87H0hkOOwU=s1600-w500","Aspen Island, Parkes ACT 2600, Australia","4.50",NULL,NULL
"ChIJodiDyWhNFmsRSxeYxiQqXyc","Canberra Times Fountain","Canberra","AU","https://lh3.googleusercontent.com/p/AF1QipNLGYoQlTJ-zEyDs5pw8204DHxcqonQUwvQAJKi=s1600-w500","Canberra ACT 2601, Australia","4.80",NULL,NULL
"ChIJt0ZOIEFNFmsRPUNPs81G31k","The Shine Dome","Canberra","AU","https://lh3.googleusercontent.com/p/AF1QipP6Idl0lnKw24K9unaY5bVjeoISLvK2S9vy89ja=s1600-w500","15 Gordon St, Acton ACT 2601, Australia","4.70",NULL,NULL
"ChIJf5ZB4mhNFmsR5RA7YA0utOw","Civic Square","Canberra","AU","https://lh3.googleusercontent.com/p/AF1QipOuTlownPxCdhzed8Md4uZN_wbAs6AMvKeMwFWk=s1600-w500","180 London Circuit, Canberra ACT 2601, Australia","3.90",NULL,NULL
"ChIJA4UCBUizF2sRU7ea3_SUIfA","Royal Australian Mint","Canberra","AU","https://lh3.googleusercontent.com/p/AF1QipM84WZGd-oTZfG1QcXrstBpvT2GKCsYSmaX1Zk5=s1600-w500","Denison St, Deakin ACT 2600, Australia","4.50",NULL,NULL
"ChIJZVquFyBNFmsRKR9OYAmlor4","Canberra Centenary Trail","Canberra","AU","https://lh3.googleusercontent.com/p/AF1QipMcXTxkQXow0jlqRQUIlIa2kteVSEzGGyr-3dr7=s1600-w500","Parliament Dr, Capital Hill ACT 2600, Australia","4.60",NULL,NULL
"ChIJfd24OBZNFmsRTrNK7IZT6-E","Australians of the Year Walk","Canberra","AU","https://lh3.googleusercontent.com/p/AF1QipPoJ0oIWLZR9xNSe7wizWSuVoUTcaChk-lbfh0M=s1600-w500","Commonwealth Ave, Parkes ACT 2600, Australia","4.40",NULL,NULL
"ChIJSWRhWHFNFmsRYnTx76_U3yc","Anzac Parade","Canberra","AU","https://lh3.googleusercontent.com/p/AF1QipO-y5Iw530tPsqLZOYJHrDEYei5s2JooXARhQ37=s1600-w500","Anzac Parade, Campbell ACT 2612, Australia","4.40",NULL,NULL
"ChIJO5cjXXFNFmsRlLaox_gfLKY","Australian Vietnam Forces National Memorial","Canberra","AU","https://lh3.googleusercontent.com/p/AF1QipOhabOv98MXe1YG1z6MbWHJw9GyfMuRZFYACypN=s1600-w500","Anzac Parade, Reid ACT 2612, Australia","4.60",NULL,NULL
"ChIJkWgAHhhNFmsRnOiLOCq9iP0","Centenary of the Age Pension Commemoration","Canberra","AU",,"Parkes ACT 2600, Australia","0.00",NULL,NULL
"ChIJRx-v7RRNFmsRe2YgdBlTnps","National Capital Exhibition","Canberra","AU",,"Barrine Dr, Parkes ACT 2600, Australia","0.00",NULL,NULL
"ChIJ484F2vyyF2sRcSZ5UZuOk-E","The National Bonsai and Penjing Collection","Canberra","AU","https://lh3.googleusercontent.com/p/AF1QipNnWLdxqfX4uwunbSFyED9ODZKy2WlVvCkLV4Wg=s1600-w500","Forest Dr, Molonglo Valley ACT 2611, Australia","4.60",NULL,NULL
"ChIJDQgWf0lNFmsRrpHClzwPRXA","Telstra Tower","Canberra","AU","https://lh3.googleusercontent.com/p/AF1QipPNXLekVDOBfTA2lRq8OuA9pNEe4EMiht4DNP-3=s1600-w500","100 Black Mountain Dr, Acton ACT 2601, Australia","4.20",NULL,NULL
"ChIJeautzS9NFmsRjlp4ln2-tgo","Captain Cook Memorial Jet","Canberra","AU","https://lh3.googleusercontent.com/p/AF1QipOPsNjmxmgBMZs-4I1K4g9HspzlaMZnsQwetqmb=s1600-w500","Lake Burley Griffin, Regatta Pl, Parkes ACT 2600, Australia","4.50",NULL,NULL
"ChIJycCZ8qBNFmsRyGVBjO-hGpo","Australian-American Memorial ""The Eagle""","Canberra","AU","https://lh3.googleusercontent.com/p/AF1QipPsHgmadWbHLPMGsKcDsf-Ws_I10drmSM-lyKM=s1600-w500","17 Sir Thomas Blamey Square, Russell ACT 2600, Australia","3.80",NULL,NULL
"ChIJd9TZRndNFmsRvWw9-ruIk7Q","Australian Army National Memorial","Canberra","AU","https://lh3.googleusercontent.com/p/AF1QipMrchZoGQyEhbsM1nP9tAFQAwoiHTHwHUrUaCQM=s1600-w500","Anzac Parade, Reid ACT 2612, Australia","5.00",NULL,NULL
"ChIJ1Zdl27dMFmsRPFlTmvKA2gs","Red Hill Lookout","Canberra","AU","https://lh3.googleusercontent.com/p/AF1QipMqkPe4IfRmh6p0hnA8rIdAR0hmhyJ7ZzoeUI0K=s1600-w500","Red Hill ACT 2603, Australia","4.60",NULL,NULL
"ChIJw9FZNtiyF2sREEpXi2_qAA8","Weston Park","Canberra","AU","https://lh3.googleusercontent.com/p/AF1QipNyFxl4DHy-Ry_D95m4mYXh7wPqoexzFcDiKbTg=s1600-w500","Weston Park Rd, Yarralumla ACT 2600, Australia","4.50",NULL,NULL
"ChIJ7-5VUqAHbUcRgc2Aof9CFc8","Vienna Ring Tram Sightseeing","Vienna","AT","https://lh3.googleusercontent.com/p/AF1QipPJdOaHmFUWBFr1OLhNTaCKkbkePCkZrbPRFeCv=s1600-w500","Schwedenpl., 1010 Wien, Austria","3.80",NULL,NULL
"ChIJCWTviJAHbUcRePewnEHBJuU","Maria-Theresien-Platz","Vienna","AT","https://lh3.googleusercontent.com/p/AF1QipPtRIvx11cJLVerRBea0BXZD2KvMHUA57-1Vh2c=s1600-w500","Burgring 5, 1010 Wien, Austria","4.70",NULL,NULL
"ChIJ20uyK5oHbUcR2wb0rcb2P-0","State Hall of the Austrian National Library","Vienna","AT","https://lh3.googleusercontent.com/p/AF1QipO23nb7eRLJbgq5RETwPiIZJsgLJSpwGI7GTJoM=s1600-w500","Josefsplatz 1, 1010 Wien, Austria","4.90",NULL,NULL
"ChIJ9374rpkHbUcRp7vVrJHYyUA","Michaelerplatz","Vienna","AT","https://lh3.googleusercontent.com/p/AF1QipP548JJrT6cSWIFj9v1wWTutZ4nCY55AuZ1BH0Z=s1600-w500","Michaelerplatz 4, 1010 Wien, Austria","4.60",NULL,NULL
"ChIJEV_Llq4HbUcRqLt_V-sW6xs","Vienna Porcelain Manufactory Augarten","Vienna","AT","https://lh3.googleusercontent.com/p/AF1QipOS3TTT0ZcFMD3I-UqDgSVpQteQjL5_5p1MYBTF=s1600-w500","Austria, Obere Augartenstraße 1, 1020 Wien, Austria","4.20",NULL,NULL
"ChIJnYq1jKEHbUcRex1VaUZfj0k","Hotrod Tour Wien","Vienna","AT","https://lh3.googleusercontent.com/p/AF1QipN00KVpvPkvlGMkV4JkTGn7bCGQrXPONQsfOTxa=s1600-w500","Judengasse 4, 1010 Wien, Austria","4.40",NULL,NULL
"ChIJnQAHwZAHbUcRycXUTr8uocQ","Museum of Natural History Vienna","Vienna","AT","https://lh3.googleusercontent.com/p/AF1QipNHC5bQKO57dkuaRsvnH-DI2D3l7lYaR_FTVHzX=s1600-w500","Burgring 7, 1010 Wien, Austria","4.70",NULL,NULL
"ChIJz-w_Ip8HbUcRWTHc-vNXlxc","St. Stephen's Cathedral","Vienna","AT","https://lh3.googleusercontent.com/p/AF1QipPtkPgagGexjA3G4Cwl-6kjk8dM6ftx8qWXufQg=s1600-w500","Stephansplatz 3, 1010 Wien, Austria","4.60",NULL,NULL
"ChIJbac0_JgHbUcRXkPUJudXIpA","Time Travel Vienna","Vienna","AT","https://lh3.googleusercontent.com/p/AF1QipNhhouAnAyjSQGA9U5OE34km9up2LxAkRXMslmJ=s1600-w500","Habsburgergasse 10A, 1010 Wien, Austria","4.40",NULL,NULL
"ChIJJYWNjA8HbUcRBlfleWeh1qw","Viennese Giant Ferris Wheel","Vienna","AT","https://lh3.googleusercontent.com/p/AF1QipMQbg_LWGTg-BiSWXXVXZEcND_1j4UUZU0laZ-t=s1600-w500","Riesenradplatz 1, 1020 Wien, Austria","4.40",NULL,NULL
"ChIJqf1Swg8HbUcRcSEVm9lhgag","Kugelmugel","Vienna","AT","https://lh3.googleusercontent.com/p/AF1QipNpCxBLbrcsVfbQUltVOf3ukQVfjmPWKmCh2X3L=s1600-w500","Antifaschismuspl. 2, 1020 Wien, Austria","4.70",NULL,NULL
"ChIJHc2qvpkHbUcRK-t1-qwD4II","hoffburg","Vienna","AT","https://lh3.googleusercontent.com/p/AF1QipO53JAdyY615wHnwQwMtAtjl_yiN317Q0w9zCJH=s1600-w500","In der Burg, 1010 Wien, Austria","4.60",NULL,NULL
"ChIJYS9UGJ8HbUcRhzAaxIgzDuo","St. Stephen's Cathedral","Vienna","AT","https://lh3.googleusercontent.com/p/AF1QipNBiH53LBNEBylC1uFv2s6immiSt7m3_7mNRAsX=s1600-w500","Stephansplatz 4, 1010 Wien, Austria","4.70",NULL,NULL
"ChIJ-VLPBpQHbUcRD5IT6HkgXsE","Expat Center of the Vienna Business Agency","Vienna","AT","https://lh3.googleusercontent.com/p/AF1QipNrHvJUrcss7ABkw1JkBkNLhfXDBr24UjcXChNL=s1600-w500","Schmerlingpl. 3, 1010 Wien, Austria","4.70",NULL,NULL
"ChIJi4875yGobUcR6M9wtRM8APM","Arik-Brauer-Haus","Vienna","AT","https://lh3.googleusercontent.com/p/AF1QipOIb9X0diqNoX_73j-P0EPmLzRMIBcTFwDBO8N7=s1600-w500","Gumpendorfer Str. 134-136, 1060 Wien, Austria","4.60",NULL,NULL
"ChIJUakmIKAHbUcRQznwdMDO1oA","Basiliskenhaus","Vienna","AT","https://lh3.googleusercontent.com/p/AF1QipOIrylVW7jDQP63_Z--yLiy1OssfFT1-PKMeHYK=s1600-w500","Schönlaterngasse 7, 1010 Wien, Austria","4.20",NULL,NULL
"ChIJS8jotYIHbUcRVuhRlgY1fHA","Johannes Brahms Monument","Vienna","AT","https://lh3.googleusercontent.com/p/AF1QipPlrlglA_kxIgLRH71SqQgA7SPuPidPYIExfgnM=s1600-w500","Karlsplatz 12, 1010 Wien, Austria","4.60",NULL,NULL
"ChIJbSP7XLsHbUcRhIkiVBH7f00","Otto-Wagner-Haus","Vienna","AT","https://lh3.googleusercontent.com/p/AF1QipNYxHAGfts_UW2TEhgImv3ojL8N0UpJ7Ihj8Wmz=s1600-w500","Schottenring 23, 1010 Wien, Austria","4.80",NULL,NULL
"ChIJD-Djo6IHbUcRn1Z9_fwGTOc","Yellow Fog By Olafur Eliasson","Vienna","AT","https://lh3.googleusercontent.com/p/AF1QipM4sEZN3kOHU_VZLrNIrLe0ajRCOcGiIXYT8CAj=s1600-w500","Am Hof 6A, 1010 Wien, Austria","3.80",NULL,NULL
"ChIJQ80gYqIHbUcRUugT7s0ybDc","Lessing-Denkmal","Vienna","AT","https://lh3.googleusercontent.com/p/AF1QipMUWUC33fIhDhdLkxMUn37ebVSrakYX7zYooics=s1600-w500","Judenpl. 1010, 1010 Wien, Austria","4.10",NULL,NULL
"ChIJd2b2mTR8MEARl5incNuFjQE","Mini-Venice","Baku","AZ","https://lh3.googleusercontent.com/p/AF1QipOAnmzMl6dQfvDEXy4UqM10w8wUR7pp5B7KMHKw=s1600-w500","73 Neftchilar Ave, Baku 1004, Azerbaijan","4.10",NULL,NULL
"ChIJnf4iccp9MEARYcBm9K5CSjc","Мастерская Художника Али Шамси","Baku","AZ","https://lh3.googleusercontent.com/p/AF1QipPP-GhnzttbifjE4gBwijAjURmSLBbl1uycUZgS=s1600-w500","84, Kichik Qala, Bakı, Azerbaijan","4.40",NULL,NULL
"ChIJzxTdG3d9MEARADNMVd6bXHc","Monument to Richard Sorge","Baku","AZ","https://lh3.googleusercontent.com/p/AF1QipPZn92SYudUUFRO0lbWOC-ws1ptUyx8odmuRBB9=s1600-w500","Baku, Azerbaijan","4.60",NULL,NULL
"ChIJ6aKNRbN9MEARfyZHVFfcijQ","Baku 2015 Olympic Cauldron","Baku","AZ","https://lh3.googleusercontent.com/p/AF1QipMJPe7Hlczsxpl-4njXL1Uf14c9PuutWOkWdU5m=s1600-w500","Mar Caspio, Azerbaijan","4.60",NULL,NULL
"ChIJZwcpK819MEAR2al8x1wnH8E","Concert Complex Of Baku","Baku","AZ",,"Green Theatre, Baku, Azerbaijan","4.70",NULL,NULL
"ChIJ3WJpr6Z9MEARbmjdmG_ce5g","Gate Tours","Baku","AZ",,"167/6, Süleyman Rəhimov küç., Bakı, Azerbaijan","4.00",NULL,NULL
"ChIJH1N5mLV9MEARFc18Pze3mVI","Maiden Tower","Baku","AZ","https://lh3.googleusercontent.com/p/AF1QipPGHPfEUKekCmzrLknS-9Epgt2qh4eVje7vZpQu=s1600-w500","Baku, Azerbaijan","4.60",NULL,NULL
"ChIJdSVUPbV9MEART-eE36De-JY","Baku Promenade","Baku","AZ","https://lh3.googleusercontent.com/p/AF1QipOe7XcDAfWuF_zUSoRsOEPUE7Yj5l6-enIvzNeZ=s1600-w500","73 Neftchilar Ave, Baku 1004, Azerbaijan","5.00",NULL,NULL
"ChIJJfc2D5h9MEARCkMW-F2Mpx4","Keratin Studio Baku","Baku","AZ",,"Baku 1009, Azerbaijan","4.50",NULL,NULL
"ChIJwyh11hh8MEARF2EZz9HCTgs","Bayraq Meydanı","Baku","AZ","https://lh3.googleusercontent.com/p/AF1QipP1wV3XVm6mDL9OWWTgIiwf32LVZ07HmQs7yvw=s1600-w500","Baku, Azerbaijan","4.60",NULL,NULL
"ChIJkTMbuGZ9MEAR2mh-B4XbMmg","AZER-ILME CARPET-WEAVING CENTER","Baku","AZ","https://lh3.googleusercontent.com/p/AF1QipNh6a26ROX_U3Kh4m6sZHRmfixGCAuF-Ir9_31r=s1600-w500","Baku, Azerbaijan","4.30",NULL,NULL
"ChIJSQWpqbN9MEAREX0-W2PKtlY","Saat Qülləsi","Baku","AZ","https://lh3.googleusercontent.com/p/AF1QipOHni7xbGCNx4Z4w0HNcSMm-RWUJUjfbEpXzyn0=s1600-w500","Baku, Azerbaijan","4.70",NULL,NULL
"ChIJmw3B4a19MEARJd4WpkNSL1g","Royal Travel","Baku","AZ","https://lh3.googleusercontent.com/p/AF1QipMKjTtifQFwgTZvhQ1vKydq514ufPAocOvxStou=s1600-w500","33 Zarifa Aliyeva,, 33 Zarifa Aliyeva, Bakı 1000, Azerbaijan","5.00",NULL,NULL
"ChIJr3pChsl9MEARUFPCRnpYDPg","Ичери-Шехер","Baku","AZ","https://lh3.googleusercontent.com/p/AF1QipPfAWJU8Q9hx7_2PbFBl2c5arv_TfkvtnV1FaDP=s1600-w500","Ичери-шехер, Bakı, Azerbaijan","5.00",NULL,NULL
"ChIJAVOG0piHMEARoldkQpqA9Zo","Baki","Baku","AZ",,"Asif Maharramov, Baku, Azerbaijan","3.30",NULL,NULL
"ChIJifHqObR9MEARRP2ctoj9WMI","Фонтан ""Белые лилии""","Baku","AZ","https://lh3.googleusercontent.com/p/AF1QipPn015z2GWnJPQD-zT0uUsTN7Czr98sR3JFj_FQ=s1600-w500","Neftchilar Ave, Baku, Azerbaijan","4.60",NULL,NULL
"ChIJ5T_jJzV8MEARSTYwWMemzjw","Bayraq","Baku","AZ","https://lh3.googleusercontent.com/p/AF1QipOg0ZbRJx4oTE1tr-bqp87nUlDgmU9LWY7nDJcU=s1600-w500","Baku, Azerbaijan","4.50",NULL,NULL
"ChIJ4ZH2kAR9MEAR6a1i7X88nOo","Xətai Heykəli","Baku","AZ",,"Yusif Səfərov küçəsi, Bakı, Azerbaijan","5.00",NULL,NULL
"ChIJa5gobkh9MEAR3HXXWsBO2tk","Green Travel","Baku","AZ",,"3 Haji Mammad, Baku, Azerbaijan","3.30",NULL,NULL
"ChIJS8awyvtiMEARux62tCFIW7U","HR socar","Baku","AZ",,"Baku, Azerbaijan","4.30",NULL,NULL
"ChIJzeiZxN18L4kRtCDWdXbSPpU","Junkanoo World","Nassau","BS","https://lh3.googleusercontent.com/p/AF1QipOUC8LGw94pKXowcam4rgX8bObPFIdRwDJinxZn=s1600-w500","05 Horseshoe Drive Oakes Field Nassau N.P, Bahamas","4.60",NULL,NULL
"ChIJxTBRUAR9L4kRNnGnTImRu48","Prince George Wharf","Nassau","BS","https://lh3.googleusercontent.com/p/AF1QipOwqHcQ1B1Krtnma_6jZtQl1MmLUE5lKhzdABGH=s1600-w500","2 Charlotte St, Nassau, The Bahamas","3.80",NULL,NULL
"ChIJKwufYF58L4kRnpAz1E7PN38","Mermaid Pool","Nassau","BS",,"East/West HGW, East/West HGW E W Hwy, Nassau, Bahamas","0.00",NULL,NULL
"ChIJmbgefgZ9L4kR-LN7Sbi1320","Bahamas Jet Boat","Nassau","BS","https://lh3.googleusercontent.com/p/AF1QipNjq6W0Q_fvVYyVF169iAg3Cf6N0BVJepY2IrLC=s1600-w500","Elisabeth Ave, Nassau, The Bahamas","5.00",NULL,NULL
"ChIJ2ygD2CZ9L4kRSVXoa1eCN1s","Centro de Conservação","Nassau","BS","https://lh3.googleusercontent.com/p/AF1QipOgTwQ_Yt8573kmOGyh1u8CkN1PGwgbnobcvB4-=s1600-w500","P.O. Box N-4882, Nassau, Bahamas","4.20",NULL,NULL
"ChIJW222oxt9L4kRaqx10AZ66Qk","Jetline Simulation Bahamas","Nassau","BS","https://lh3.googleusercontent.com/p/AF1QipPWWU8x0oHWf8EkaCuRK92LnmixO7RjBjgDQVJP=s1600-w500","W Bay Street, Nassau, The Bahamas","5.00",NULL,NULL
"ChIJo2wxfAF9L4kR6C2RyZvOZXE","The Water Tower","Nassau","BS","https://lh3.googleusercontent.com/p/AF1QipME09FiiYHYM8FBOrLcKX9zUoXSvV5gmOlXQiIQ=s1600-w500","Nassau, The Bahamas","4.10",NULL,NULL
"ChIJWdFZrbp9L4kRmn9UAA_Jjv4","Bahamas Dolphin Adventure","Nassau","BS","https://lh3.googleusercontent.com/p/AF1QipMbbKPTBMm75MCOlecSF7g745_rdy0LlcrkrVMf=s1600-w500","#4 Harbour Drive, Paradise Island P.O.Box N4222 ,Bahamas, Nassau, Bahamas","3.00",NULL,NULL
"ChIJoQ0GrVB7L4kRdXoJZUJp--c","Mermaid Pool","Nassau","BS","https://lh3.googleusercontent.com/p/AF1QipNhzhS2HQ1tZS3QOZ_aj6-kiMMkLrP1RcHMGfEN=s1600-w500","Nassau, The Bahamas","3.80",NULL,NULL
"ChIJfQnDmBx9L4kRHstIKCCkC0k","Graycliff Cigar Company","Nassau","BS","https://lh3.googleusercontent.com/p/AF1QipM8tiGEBFb3c-n7IXAXnzpCl4qaGPiqpFukgtaw=s1600-w500","West Hill Street Nassau BS, W Hill St, Nassau, Bahamas","4.30",NULL,NULL
"ChIJ69wCirJ9L4kRVtxl6SNYVlA","My Own Water Sports","Nassau","BS","https://lh3.googleusercontent.com/p/AF1QipM95cDeOB-8m_5o7vAriLN3QZsYDB7Nb76TgBRP=s1600-w500","Cruise Ship Port, Festival Place, Nassau, Bahamas","0.00",NULL,NULL
"ChIJz4n3XqR9L4kRDeY6ihA9zBc","Sea Trek Helmet Diving","Nassau","BS","https://lh3.googleusercontent.com/p/AF1QipOVU16Rg3nLjsdHAuADqtypnmdH-DGTW-1qQg3f=s1600-w500","One Casino Drive, Suite 22, Paradise Island, Bahamas","4.80",NULL,NULL
"ChIJM71sQGZnL4kRx-FwXCd03f4","Clifton Heritage Park","Nassau","BS","https://lh3.googleusercontent.com/p/AF1QipNcgvWqSNKiMG6C8Tu8ZJfTNkAM23VjVx-kbzEW=s1600-w500","Nassau, The Bahamas","4.30",NULL,NULL
"ChIJtdb1UKZ9L4kRtF0xFfcqJsw","Dolphin Cay Atlantis","Nassau","BS","https://lh3.googleusercontent.com/p/AF1QipM0_L5x6F5XH4tMffCQr_J3t8Ld9P50FbrGyAzX=s1600-w500","Paradise Beach Drive, Suite 39, Paradise Island, Bahamas","4.30",NULL,NULL
"ChIJpxkkbSF9L4kRADbTXEN1UTI","Botanical Gardens","Nassau","BS","https://lh3.googleusercontent.com/p/AF1QipMGgwrxvBju-zEoGefjJPINKTWN2M2ZoD2V37AT=s1600-w500","Chippingham Rd, Nassau, The Bahamas","4.20",NULL,NULL
"ChIJaTNw66R9L4kRzii_FJ9HbSY","The Dig","Nassau","BS","https://lh3.googleusercontent.com/p/AF1QipODVOMq-Wyl4WGbGya9K0z5-nqOu1W-MF1UjDVQ=s1600-w500","One Casino Drive, Suite 50, Paradise Island, Bahamas","4.90",NULL,NULL
"ChIJ_cZErxx9L4kR5shBQukDSeE","Government House","Nassau","BS","https://lh3.googleusercontent.com/p/AF1QipPmWzFILdP-r1vIm_rsX8My0ejBeuO2LIf4F4Lr=s1600-w500","Duke St, Nassau, The Bahamas","4.40",NULL,NULL
"ChIJs_H7oxt9L4kRcaHg1rKAHXI","Wifi Copy Center","Nassau","BS",,"W Bay St, Nassau, The Bahamas","3.00",NULL,NULL
"ChIJLb3URuV8L4kRfs-Q3Fy8D_E","Forte Fincastle","Nassau","BS","https://lh3.googleusercontent.com/p/AF1QipOv1yWLN4WmQkcccjRJXbxVARD6_gXBSX6P8kw7=s1600-w500","Nassau, The Bahamas","4.20",NULL,NULL
"ChIJuXGLfxt9L4kRhAM3CANB8tA","International Documents Agency","Nassau","BS",,"42A Queen St, Nassau, The Bahamas","1.00",NULL,NULL
"ChIJTZ9aXFyvST4RAAq2BE0ZQ2g","Khalaf House","Manama","BH","https://lh3.googleusercontent.com/p/AF1QipPJV0p3YLxqKn2m-6sz7jXIXsz34VMnUIDf1YRv=s1600-w500","Rd No 109, Manama, Bahrain","4.30",NULL,NULL
"ChIJx3JN6WCvST4RdwvUxtcLB-I","Fish Round-About Park","Manama","BH","https://lh3.googleusercontent.com/p/AF1QipNGNr4Cn27Yw4bQ8aBIpf2_ItiP1xlVr58R3a45=s1600-w500","Municpality Ave, Manama, Bahrain","3.80",NULL,NULL
"ChIJA7rGi7OoST4RGtmskWE21U0","Dolphin Resort Bahrain","Manama","BH","https://lh3.googleusercontent.com/p/AF1QipN5FUse8YgVYAlHcFOgDgO8hjpsIBKR4vNNbln2=s1600-w500","Rd No 2407, Manama, Bahrain","3.80",NULL,NULL
"ChIJWVOwNBqmST4RCRcfvMRgHoI","Nuzul Guest House","Manama","BH","https://lh3.googleusercontent.com/p/AF1QipNqSoauFA5Ux92h9fGEcS4TWctxVG5OpsssecRc=s1600-w500","Muharraq, Bahrain","5.00",NULL,NULL
"ChIJ4WmXuGCvST4RFLfIVaPjbUk","Bahrain Synagogue","Manama","BH","https://lh3.googleusercontent.com/p/AF1QipOM4UMsS0D4ujrXtig0Gt3DIx84A4hnQSSPeQoN=s1600-w500","Sasaah Ave, Manama, Bahrain","4.00",NULL,NULL
"ChIJ_9UL_hqmST4RQphhTLZBnss","Vertical Garden","Manama","BH","https://lh3.googleusercontent.com/p/AF1QipM-T6gHEPU00N0qMBRrdUr3SScHQMr09ZC6AIV3=s1600-w500","Sh Abdulla Ave, Muharraq, Bahrain","3.90",NULL,NULL
"ChIJ-6ZkDKGoST4R6N5ctnuSM0o","Al-Ghus House (World Heritage)","Manama","BH","https://lh3.googleusercontent.com/p/AF1QipMYsWICwhq9pvj6v-3dneWHvLw0pTFXv3f1Su3U=s1600-w500","Muharraq, Bahrain","3.50",NULL,NULL
"ChIJ80FHMBqmST4RRy4ada7pO9o","Memory of the House","Manama","BH","https://lh3.googleusercontent.com/p/AF1QipOmw4S5DR23fIseTiWleJtUVo6TCP0PqSjXMsHZ=s1600-w500","Muharraq, Bahrain","4.40",NULL,NULL
"ChIJCSBc81CvST4RNIaORUjQA4o","Ibrahim Al Arrayed House","Manama","BH","https://lh3.googleusercontent.com/p/AF1QipMmPW7vk1l1hwIpukV6xHb2wnWTkmQQ7qolgN-H=s1600-w500","Palace Rd, Manama, Bahrain","4.00",NULL,NULL
"ChIJBxccFRymST4R0yBFKzAXH80","Mohammed Bin Faris House for Sut Music","Manama","BH","https://lh3.googleusercontent.com/p/AF1QipPDe8Kxc9Dc2-DfG2I565RNLrDfdJUcSXbxsjhJ=s1600-w500","Muharraq, Bahrain","4.10",NULL,NULL
"ChIJoYJ8_FWvST4RSsRqEoUeMwk","Beit Al Quran","Manama","BH","https://lh3.googleusercontent.com/p/AF1QipPCJt8eMiOSL7TVH4wWCOqQL-2I0z2fIF_xzBsn=s1600-w500","Building No.17، Rd No 1901, Manama, Bahrain","4.60",NULL,NULL
"ChIJJbDFNtWoST4R6YV-TVa2zbA","Reefs & Rivers","Manama","BH","https://lh3.googleusercontent.com/p/AF1QipNptcuEGdIE1Qnn7lCyYXhi1o0MG5SUgulkV-b2=s1600-w500","Rd No 3915, Manama, Bahrain","4.40",NULL,NULL
"ChIJq8_6pyqpST4RnFDYMTsJukU","Wonder Land Aquraium","Manama","BH","https://lh3.googleusercontent.com/p/AF1QipNr1oUP28Hob11BgUXqhF8AiQXPgRtONwfRSpz3=s1600-w500","Manama, Bahrain","4.30",NULL,NULL
"ChIJDfHFljmvST4Rj3s8cGiAwlg","Iwan Carpets And Crafts (Ancient Trading Co W.L.L)","Manama","BH","https://lh3.googleusercontent.com/p/AF1QipMx_trO4t_RzESQNFsPg3uDNxX5k-BUZTkEgcKS=s1600-w500","Rd No 2728, Manama, Bahrain","4.70",NULL,NULL
"ChIJQTKNAJSnST4RNMxebm8QOXM","Amwaj Islands","Manama","BH","https://lh3.googleusercontent.com/p/AF1QipPJR-bUWFj3XWMiN0QE4jRPpXudU9zt6C0ovrP1=s1600-w500","Arabian Gulf University, Manama, Bahrain","4.30",NULL,NULL
"ChIJpcstx6OoST4Rf45mNGa5IuI","Bu Maher Fort","Manama","BH","https://lh3.googleusercontent.com/p/AF1QipN2-cQCmprRh5ML-LNRXXV7wduesxDPaEyeLElk=s1600-w500","Muharraq, Bahrain","4.30",NULL,NULL
"ChIJz1yDFEmlST4R0FInP53KF98","Bahrain Fort","Manama","BH","https://lh3.googleusercontent.com/p/AF1QipMiQ9PmoHZa3CZHMH9TnSPhLhl2MA613whuddET=s1600-w500","Al Qalah, Bahrain","4.40",NULL,NULL
"ChIJiWQapOa4VTcRc0NqT-wjKOw","Hossaini Dalan","Dhaka","BD","https://lh3.googleusercontent.com/p/AF1QipMLfq2BQTSIvE6Zwcig87nglhydGOvUjQjHbizm=s1600-w500","Dhaka, Bangladesh","4.20",NULL,NULL
"ChIJpcHQElbBVTcRJBltgQ07hX0","Diabari Lake Par","Dhaka","BD","https://lh3.googleusercontent.com/p/AF1QipNyG6SXtlAI0kXD2wzvTNxc_8X6pO22Cdn7_UFS=s1600-w500","Dhaka, Bangladesh","4.30",NULL,NULL
"ChIJOcC-nOi4VTcRFtAHmzv5A-Q","Central Shaheed Minar","Dhaka","BD","https://lh3.googleusercontent.com/p/AF1QipNy4gvND0joqBztuJWrPmbSFw4rNHvqE-bxqypb=s1600-w500","Near Dhaka Medical College Gate, Secretariat Road, Polashi, Secretariate Road, Dhaka 1000, Bangladesh","4.60",NULL,NULL
"ChIJN-htev3HVTcRDcVGJbQzoE8","Aftabnagar Lake","Dhaka","BD","https://lh3.googleusercontent.com/p/AF1QipNBIqSPSp1CqyyLIPrLsptDV75NBuhxDsYJqumr=s1600-w500","Dhaka, Bangladesh","4.20",NULL,NULL
"ChIJS1IQ9ky4VTcRIM_cBYAz9SE","Rose Garden Palace","Dhaka","BD","https://lh3.googleusercontent.com/p/AF1QipMVx9uZhdYflHs7Azlu4yptjfz4pvOsr4m9Lovn=s1600-w500","13/A/2 K.M. Dash Lane, Dhaka, Bangladesh","4.20",NULL,NULL
"ChIJo5-reITHVTcRNKoHZplETXg","Hatir Jheel Dancing Fountain","Dhaka","BD","https://lh3.googleusercontent.com/p/AF1QipPOYw2FLQPHCghpl0solpB1DAHfbyDRHsCha91f=s1600-w500","Hatir Jheel, Hatirjheel Bridge, Dhaka, Bangladesh","4.40",NULL,NULL
"ChIJ3xVOCkbBVTcR3_8XRp-akcQ","Lake near DOHS","Dhaka","BD","https://lh3.googleusercontent.com/p/AF1QipMfJxNtpxMbrKK0l3SQAvENM1m0Z3tOtoq25jw=s1600-w500","Dhaka, Bangladesh","4.40",NULL,NULL
"ChIJtZSMuhvBVTcRa_8jjuhJDM8","Botanical Eastern Lake View","Dhaka","BD","https://lh3.googleusercontent.com/p/AF1QipPFTQiuA6arIWPk0rlYiXTdmSBkWuLCv6rmpy66=s1600-w500","Dhaka, Bangladesh","4.00",NULL,NULL
"ChIJ8y5vF5rHVTcRkFQHlalQSDQ","লেকেরপাড় গুদারাঘাট","Dhaka","BD","https://lh3.googleusercontent.com/p/AF1QipNidyA3g5m1_bIBWeyOS6Olhxd6CkMRs55PL5Wn=s1600-w500","Rd No 2, Dhaka 1212, Bangladesh","4.20",NULL,NULL
"ChIJYwH5SbzHVTcRhKb9GNV-9dk","Porjotonlipi","Dhaka","BD","https://lh3.googleusercontent.com/p/AF1QipO4pNdqYIQHXovwfolL_XKbmlg78uZYrVJRpw7H=s1600-w500","North Bir Uttam Rafiqul Islam Ave, Dhaka 1212, Bangladesh","3.90",NULL,NULL
"ChIJHxu1DYPHVTcR0U0PXHutC2s","Hatir Jheel Water Fountain","Dhaka","BD","https://lh3.googleusercontent.com/p/AF1QipMMZprnnR0iOF7gdRgpLM-Ai7rmMTLOvc9WG099=s1600-w500","Hatir Jheel, Dhaka 1212, Bangladesh","4.30",NULL,NULL
"ChIJjwAAQMK4VTcRA67MlnIa1XU","Bangladesh Expeditions & Homestay","Dhaka","BD","https://lh3.googleusercontent.com/p/AF1QipMtBFvMHBhsjZFpDuV-ZrARx9uJ43yrpQk1WBTi=s1600-w500","107 Kazi Nazrul Islam Avenue Dhaka, Dhaka pan pacific sonargaon hotel, Dhaka, Bangladesh 1000, Bangladesh","4.20",NULL,NULL
"ChIJN60Rc6fHVTcRh3ON5LON4C0","Mam Holidays Bangladesh|Dhaka City Tour|Tourism company in Bangladesh","Dhaka","BD","https://lh3.googleusercontent.com/p/AF1QipPHa_I99yJm3fYadxofB4HIWOlk7EaDTI9GYFNB=s1600-w500","Aman Shopping Complex(2nd Floor) Shahid Latif Road, Dakshinkhan, Dhaka 1230, Bangladesh","4.60",NULL,NULL
"ChIJu-Xs4gLBVTcRcGoylcidbkQ","Bangladesh National Zoo","Dhaka","BD","https://lh3.googleusercontent.com/p/AF1QipNg6UY6M_XnfrEtwinNHa62xD5XgDzi3VvZPjbz=s1600-w500","Zoo Road, Dhaka 1216, Bangladesh","4.10",NULL,NULL
"ChIJR1H_VQbHVTcRAsnI-owguJQ","Gulshan Lake Park","Dhaka","BD","https://lh3.googleusercontent.com/p/AF1QipPIuLvycek2jq9jyc7THXSBts6VYL2imPx1VqzX=s1600-w500","Rd No 63, Dhaka 1212, Bangladesh","4.40",NULL,NULL
"ChIJP3Jw_hPHVTcR-I8DdEoWRIg","Travel Bangladesh (TRAVELBD)","Dhaka","BD","https://lh3.googleusercontent.com/p/AF1QipMYYJWNTEJPYO24b0qh9Icc-mwixry--uOIR-IL=s1600-w500","33 2nd Floor North Kafrul Dhaka Cantonment, Dhaka 1206, Dhaka 1206, Bangladesh","3.90",NULL,NULL
"ChIJRf0h8AO5VTcRklUzBgQ2gtQ","Tour In Bangladesh","Dhaka","BD","https://lh3.googleusercontent.com/p/AF1QipP2vLA5YR65w52wbm7BUNjsPTWduQVjemdL4yiq=s1600-w500","Panthpath , dhaka, Dhaka 1210, Bangladesh","3.80",NULL,NULL
"ChIJRyS8Zfi4VTcReJm2h3vg9aY","Bangladesh Tour Guide","Dhaka","BD","https://lh3.googleusercontent.com/p/AF1QipOcISgQtF0vD8U21qwHbq5QHYGoOKutXok5hnmA=s1600-w500","55 Topkhana Road, Dhaka 1000, Bangladesh","4.10",NULL,NULL
"ChIJ4TGJveq4VTcR5fJrsjE9WwY","Bangladesh National Museum","Dhaka","BD","https://lh3.googleusercontent.com/p/AF1QipNDAve_MRL14cJppDPxDRSvizHaUOo-weDufjI4=s1600-w500","Dhaka 1000, Bangladesh","4.50",NULL,NULL
"ChIJK5fy_cG4VTcRVuMEWpuntU4","Gurudwara Nanak Shahi","Dhaka","BD","https://lh3.googleusercontent.com/p/AF1QipOHQob0NwwstvrQgPEEqm2XnagLQPUjqLJrs-uD=s1600-w500","Dhaka University Campus, University of Dhaka, Dhaka, 1000, Bangladesh","4.40",NULL,NULL
"ChIJLXWt7jv3Q4wRIHhKJR2Ipw8","Mount Gay Visitors' Centre","Bridgetown","BB","https://lh3.googleusercontent.com/p/AF1QipN1j2KYLSM0t4K0m9c-AoeE6N4ZrzLM7CRHqhbQ=s1600-w500","Spring Garden Hwy, Bridgetown, Barbados","4.50",NULL,NULL
"ChIJy3l08Fr2Q4wRx0njc2P-yzU","The Boardwalk","Bridgetown","BB","https://lh3.googleusercontent.com/p/AF1QipNf4fHp7gOTSmWkxaDW8bRfp1-EHhnk3IoZq6DZ=s1600-w500","Bridgetown, Barbados","4.50",NULL,NULL
"ChIJTThr5Rb3Q4wR6FDhSam092w","Agapey Chocolate Factory Tours & Shop","Bridgetown","BB","https://lh3.googleusercontent.com/p/AF1QipOlTDdtT6qp_JVBP6R8CLs1VV-mss3d-D9JS9Sa=s1600-w500","Hincks Street (at Traffic Lights, Bridgetown, Barbados","4.30",NULL,NULL
"ChIJ_dMrjeT2Q4wRC-Xnq08QWfY","Premier Attractions","Bridgetown","BB","https://lh3.googleusercontent.com/p/AF1QipOUravUXjVWTHaLGoBzyOdTmGMIVIw9Q5lnaXUB=s1600-w500","4th Ave, Bridgetown, Barbados","4.30",NULL,NULL
"ChIJm1Trix73Q4wRZsqhTaoRAcI","Atlantis Submarines Barbados Inc.","Bridgetown","BB","https://lh3.googleusercontent.com/p/AF1QipOIsQOokOv9UoX6GXF4eLdpgwn-q6iT1PK6Z7cH=s1600-w500","Bridgetown, Barbados","4.60",NULL,NULL
"ChIJOTDqmj33Q4wRVOXnApebqHI","Silver Moon Catamaran Cruises","Bridgetown","BB","https://lh3.googleusercontent.com/p/AF1QipNNLf7qOPUuW0QCCVEEwmMi456WoDlNjhfkikg5=s1600-w500","Shallow Draught, Bridgetown, Barbados","4.90",NULL,NULL
"ChIJGXzshKz3Q4wRCTKZaTr_m-I","Needhams Point","Bridgetown","BB","https://lh3.googleusercontent.com/p/AF1QipN4D4clKmlfbZtqhS1-eIyPjHcET7y-Q1qdmR-S=s1600-w500","Bridgetown, Barbados","4.60",NULL,NULL
"ChIJHU_Ouz33Q4wR8rqF8SNzbI8","Tide Dancer Luxury Charter","Bridgetown","BB","https://lh3.googleusercontent.com/p/AF1QipPxaejxI-9ULCpcxmnFCi7OT1QWustvCdz2on1V=s1600-w500","Spring Garden Hwy, Bridgetown, Barbados","3.80",NULL,NULL
"ChIJ-5evV4z2Q4wRQk--1v2vnK0","Harry Bayley Observatory","Bridgetown","BB","https://lh3.googleusercontent.com/p/AF1QipObw4x0PrpmKyOQ4yg-4LTN4w730wzHQv8z7o_G=s1600-w500","Observatory Rd, Bridgetown, Barbados","4.20",NULL,NULL
"ChIJF3hu1VX2Q4wR4aNivtdZr_4","National Cannon Collection","Bridgetown","BB",,"Garrison Savannah, Bridgetown, Barbados","0.00",NULL,NULL
"ChIJy9t-ejb3Q4wRSWUyB_GnIVQ","Brighton Beach","Bridgetown","BB","https://lh3.googleusercontent.com/p/AF1QipMj6llP5ZEpdJaolFr3TXHcw90mM_E-ja7a6blK=s1600-w500","Barbados","4.30",NULL,NULL
"ChIJO6rGvFX2Q4wRy2UcJsb3TpI","George Washington House","Bridgetown","BB","https://lh3.googleusercontent.com/p/AF1QipOrLja9ExEYE_0JoHKLSLDKHO7-Q79Kh4AtrlWF=s1600-w500","Bridgetown, Barbados","4.30",NULL,NULL
"ChIJexNXDbz2Q4wRwEiDZIl5lSo","Emancipation Statue (Bussa) Roundabout","Bridgetown","BB","https://lh3.googleusercontent.com/p/AF1QipPLhqXRYI2AOKY4BUDkQpsXU1O_Enbj4AtIMrLM=s1600-w424","Bridgetown, Barbados","4.30",NULL,NULL
"ChIJsyMFoxz3Q4wRPevFDCFxq1U","El Tigre Catamaran Sailing Cruises","Bridgetown","BB","https://lh3.googleusercontent.com/p/AF1QipPDHS-LHBkx71ySzxv6Mn5PS3WFNvM-HHF7Xw0=s1600-w500","Steel Building, Cavans Lane, Bridgetown, Barbados","4.90",NULL,NULL
"ChIJiehyf2f2Q4wRn6V_vdVRwaE","The Tiki Bar","Bridgetown","BB","https://lh3.googleusercontent.com/p/AF1QipPAoqgztbWRO0-yVYKV3umx5xL4aFYLOOQIWG58=s1600-w500","Rockley Beach, Bridgetown, Barbados","4.20",NULL,NULL
"ChIJl_TblP32Q4wR0mM4jZ0y1Ok","Coconut Car Rentals and Tours","Bridgetown","BB","https://lh3.googleusercontent.com/p/AF1QipPUVNHaBcec4LMX_SWvTUH5r3HXtRcGsFJD1u84=s1600-w500","Dayrell's Road, Rockley, Christ Church, Bridgetown, Barbados","3.80",NULL,NULL
"ChIJOwP8ohz3Q4wRH0jUmnDLHf4","Small Cats Sailing & Turtle Tours","Bridgetown","BB","https://lh3.googleusercontent.com/p/AF1QipNc7pwpE4rWHMtIEMLM-oP1wUzQ5IyDEFlSMzSp=s1600-w500","Cavans Ln, Bridgetown, Barbados","5.00",NULL,NULL
"ChIJeWSyhfj2Q4wRnTO-_srPbsY","Barbados Museum & Historical Society","Bridgetown","BB","https://lh3.googleusercontent.com/p/AF1QipM3PSn-fGWuEB2faUVn15h5WJYquZWfKwBeR2gZ=s1600-w500","Dalkeith Rd, Bridgetown, Barbados","4.20",NULL,NULL
"ChIJUX7e6JbP20YRmESPsnNlr24","Früheres Haus von Lee Harvey Oswald","Minsk","BY","https://lh3.googleusercontent.com/p/AF1QipMoTKO873niYVCtCB6t1qEWm6eWW-LyrFvjLv12=s1600-w500","vulica Kamunistyčnaja 4, Minsk, Belarus","4.40",NULL,NULL
"ChIJaaSzKHPF20YRjdKHYN3GtzQ","Falcon Club","Minsk","BY","https://lh3.googleusercontent.com/p/AF1QipNtraWJzowuqXM9j_piVJrfq7ZlZ1kZPvtt1NVt=s1600-w500","Prospekte Pobeditelei 20, Minsk, Belarus","4.70",NULL,NULL
"ChIJkQ0Fs93P20YR-rjgygNJXrw","Gates of Minsk","Minsk","BY","https://lh3.googleusercontent.com/p/AF1QipNBWolso5v__Fq3FM2afd3KeIdN6AxmiEihWn4O=s1600-w500","vulica Kirava 2, Minsk, Belarus","4.70",NULL,NULL
"ChIJ02vFy-vP20YR1FB2bXWwmKE","Red Yard","Minsk","BY","https://lh3.googleusercontent.com/p/AF1QipPxcJMW33y4YsdEK7AO0jtiONRWlbOBt3bRVKPa=s1600-w500","vulica Revaliucyjnaja 7, Minsk, Belarus","4.40",NULL,NULL
"ChIJ88Eqb97O20YRQxmsz1AJ8Hk","Minsk Eiffel Tower","Minsk","BY","https://lh3.googleusercontent.com/p/AF1QipOxo9rfwg4tDwva7WYik9QwsqxOdc45A2Yfaa9I=s1600-w500","Praspyekt Nyezalyezhnastsi 127, Minsk, Belarus","4.40",NULL,NULL
"ChIJI7R2UsDP20YRfC_AS98gsOo","Kilometre Zero","Minsk","BY","https://lh3.googleusercontent.com/p/AF1QipNKYoszZuhVLy_nlOicFbukqT7eWojTcctQK73S=s1600-w500","Oktoberpl., Minsk, Belarus","4.60",NULL,NULL
"ChIJMdnqJQTP20YRnhjXHXkRokY","Monument Of Kalinin","Minsk","BY","https://lh3.googleusercontent.com/p/AF1QipP7Am1reaCa2HPMhvrRiUmI8rwRwN2mKkWXPdXR=s1600-w500","Praspyekt Nyezalyezhnastsi 80, Minsk, Belarus","2.20",NULL,NULL
"ChIJw2dlkOrP20YRPQNNtMtswL4","House of Moniuszka","Minsk","BY","https://lh3.googleusercontent.com/p/AF1QipPIiN8b7gJP5yJ-eCUO72PBmjgFRF8vdUs4pH60=s1600-w500","vulica Internacyjanaĺnaja 21, Minsk, Belarus","4.40",NULL,NULL
"ChIJ61dt2-rP20YRWFyb-U-Nwzc","Кляштар бернардзінцаў","Minsk","BY","https://lh3.googleusercontent.com/p/AF1QipPyweWopd0Q_WypTng-22bApzHIFOc8fW3LsqdC=s1600-w500","Ulitsa Engel'sa, Minsk, Belarus","4.60",NULL,NULL
"ChIJKbjJz8TP20YRrjuh7uytnyA","Viktor Tsoi Memorial Wall","Minsk","BY","https://lh3.googleusercontent.com/p/AF1QipPyJH2ah-mHeDDzBjKnvQ8injpJoQ3u8yKDCYNZ=s1600-w500","vulica Uĺjanaŭskaja 23, Minsk, Belarus","4.40",NULL,NULL
"ChIJAza4kJTP20YREzrjIhL2pe4","Trinity Suburb","Minsk","BY","https://lh3.googleusercontent.com/p/AF1QipOdgH2sv8u53AIKEDVfaRJQxoZn7muJN416WsmB=s1600-w500","Ulitsa Starovilenskaya 10а, Minsk, Belarus","4.70",NULL,NULL
"ChIJldv6s-rP20YReNwSwt7cq3g","Masons' House","Minsk","BY","https://lh3.googleusercontent.com/p/AF1QipPyS9wJfCQcdOZ9ZJF81I1SX2N6PNeMhm6hmTUm=s1600-w500","zavulak Muzyčny 5, Minsk, Belarus","4.70",NULL,NULL
"ChIJN8FHwxbQ20YR9JDSXbjznac","Вадацяжная вежа","Minsk","BY","https://lh3.googleusercontent.com/p/AF1QipMZ3rBWn9FXDJzEVIfszYI3Y3Qs4hbQxrXxQavU=s1600-w500","Praspyekt Zhukava, Minsk 220089, Belarus","4.60",NULL,NULL
"ChIJE5U6N7_R20YRxS8POhGC84A","Капліца","Minsk","BY","https://lh3.googleusercontent.com/p/AF1QipM-LGe9HsqjA7buT5oLayxB5GjfD9IdlNmjPf7a=s1600-w500","Minsk, Belarus","4.50",NULL,NULL
"ChIJwa72kurP20YR8gsbfScNC54","Monastery of basilian","Minsk","BY","https://lh3.googleusercontent.com/p/AF1QipPnkPuEGiV1zgSLvmKi3VuIUm7RpdGq02-cm47k=s1600-w500","Ulitsa Engel'sa 1, Minsk, Belarus","4.80",NULL,NULL
"ChIJnXLf2OvP20YR_glvs0T-Z08","Ukho Zhelaniy","Minsk","BY","https://lh3.googleusercontent.com/p/AF1QipON32y6uRPVmGTRkOt4VBCH4C7ynAv8wrq-wHgR=s1600-w500","vulica Revaliucyjnaja 13, Minsk, Belarus","4.60",NULL,NULL
"ChIJz7KmwerP20YRv2mxOvCxZkc","Torgovyye Ryady","Minsk","BY","https://lh3.googleusercontent.com/p/AF1QipM0I3J_8Ahy9yi-ignii25VXpYY5gouUHcqkwGq=s1600-w500","vulica Hiercena 1, Minsk, Belarus","5.00",NULL,NULL
"ChIJuZiKUerP20YRd9hE9oyfcmE","Arkhikafedral'nyy Kostol Devy Marii","Minsk","BY","https://lh3.googleusercontent.com/p/AF1QipPlA-ffGQ7CX-r-QG4vkan8p72ecwy4oHXCYOAG=s1600-w500","plošča Svabody 9, Minsk, Belarus","4.40",NULL,NULL
"ChIJDZ29tynP20YREGsuaMKRoQA","Месца размяшчэння касцёла Св. Томаша Аквінскага","Minsk","BY",,"Minsk, Belarus","0.00",NULL,NULL
"ChIJA50wSdLa20YRr_OuSTuw0AI","Pamyatnik Yakubovskomu","Minsk","BY","https://lh3.googleusercontent.com/p/AF1QipMK79uq3Q1Lpshh4D4YpskhYN5VjuHzoFHc_h5f=s1600-w500","Minsk, Belarus","4.70",NULL,NULL
"ChIJpc1KLIfEw0cRixt1Acxo8DI","Brussels Beer Bus","Brussels","BE","https://lh3.googleusercontent.com/p/AF1QipNjtbYL2pX1bCRxQszahvoBrZN4bh543YRWfuwA=s1600-w500","Place Royale 7, 1000 Bruxelles, Belgium","5.00",NULL,NULL
"ChIJCTD7NIfEw0cRoTG8BTXExmY","Place Royale Bruxelles","Brussels","BE","https://lh3.googleusercontent.com/p/AF1QipPcd6qMEFp6UNSS_0ILY0t4kaGL-GKOX84oi86p=s1600-w500","Place Royale, 1000 Bruxelles, Belgium","4.40",NULL,NULL
"ChIJuziWbHzDw0cR5MyOf9biazQ","Brussels Waffle Workshop","Brussels","BE","https://lh3.googleusercontent.com/p/AF1QipPrY5O9ttElk9-EKDCSIVzw6lreAwDMQaqwstuG=s1600-w500","Grand-place, 1000 Brussel, Belgium","4.10",NULL,NULL
"ChIJ_yLxX37Dw0cR91kfCIvnxLc","Colonne du Congrès","Brussels","BE","https://lh3.googleusercontent.com/p/AF1QipNt98G0FxjIhxqp34HuctrRCQW4bgUac7DtzbSX=s1600-w500","Place du Congrès, 1000 Bruxelles, Belgium","4.20",NULL,NULL
"ChIJyzoP_4bDw0cRGLSy2aGAXag","Tour Noire","Brussels","BE","https://lh3.googleusercontent.com/p/AF1QipMw2If927i2XrxPA9QwNrGHgUeUDgcMwOQWO5Hc=s1600-w500","Place Sainte-Catherine 29, 1000 Bruxelles, Belgium","4.10",NULL,NULL
"ChIJKRsj4V_Dw0cRzwmClgZ77_E","Maison Saint-Cyr","Brussels","BE","https://lh3.googleusercontent.com/p/AF1QipOjC5t_ef1k50N7iyS3PDUrlM6eBrI_WlMYwSJ8=s1600-w500","Square Ambiorix 11, 1000 Brussel, Belgium","4.60",NULL,NULL
"ChIJFQNS1IDEw0cRXtQ_V9tou7I","Coudenberg","Brussels","BE","https://lh3.googleusercontent.com/p/AF1QipNMkLIz1ej0uD_jWtGC-od2HuVlHU8jNON2FcbT=s1600-w500","Place des Palais 7, 1000 Bruxelles, Belgium","4.10",NULL,NULL
"ChIJkzCuPb3Ew0cRRW3kHYEDFGk","Brussels Greeters","Brussels","BE","https://lh3.googleusercontent.com/p/AF1QipMXE40lB8APolBkwlQ3_zPKh1scln6PbVEs6FV3=s1600-w500","Rue Royale 2, 1000 Bruxelles, Belgium","4.80",NULL,NULL
"ChIJH-pIBYjDw0cR--F85sOzM0s","Zinneke Pis","Brussels","BE","https://lh3.googleusercontent.com/p/AF1QipM7HuzNwzvshrAC5_938Oego_eVSdFjXJfKEpz4=s1600-w500","Rue des Chartreux 35, 1000 Bruxelles, Belgium","4.00",NULL,NULL
"ChIJiXI0DgXDw0cRFIlPT1D9LKU","Koezio Brussel","Brussels","BE","https://lh3.googleusercontent.com/p/AF1QipOyCnZvghS_Qw5nex85hUMSUq-L_4SEyQ1eFNPl=s1600-w500","Quai des Usines 163, 1000 Bruxelles, Belgium","4.40",NULL,NULL
"ChIJAQAAAKzDw0cRCTemaB0Hk1I","Atomium","Brussels","BE","https://lh3.googleusercontent.com/p/AF1QipP90nDNwkNqJrga3kugq3LyH_5uSTGydtFsorPX=s1600-w500","Square de l'Atomium, 1020 Bruxelles, Belgium","4.30",NULL,NULL
"ChIJMdHBA-nEw0cRKEhRiagzGTE","Abbaye de la Cambre","Brussels","BE","https://lh3.googleusercontent.com/p/AF1QipOMb3sijYpuitEXMblW7h-b-cTsld2ctnqohOEr=s1600-w500","Abbaye de la Cambre, 1050 Ixelles, Belgium","4.50",NULL,NULL
"ChIJlcMYfOnCw0cR3QGsfRsbSDw","Betovering","Brussels","BE","https://lh3.googleusercontent.com/p/AF1QipObukfV1c0uTZcpMbSL8A52oi7LIx5pqbU7ytG4=s1600-w500","Trassersweg 420, 1120 Brussel, Belgium","4.60",NULL,NULL
"ChIJb-SrJH7Ew0cRmw7e6jUFIvY","Carillon du Mont des Arts","Brussels","BE","https://lh3.googleusercontent.com/p/AF1QipMTb8FrYwbFwRSQefaIrQnL05tOX5ueImZfKfrX=s1600-w500","Mont des Arts 1, 1000 Bruxelles, Belgium","4.70",NULL,NULL
"ChIJrTElW2XEw0cRUv9hOZmRdQQ","Vlooienmarkt","Brussels","BE","https://lh3.googleusercontent.com/p/AF1QipMj3_Ijubh6BMMmerh54o2j9fEyKwLXMCPUSM52=s1600-w500","Place du Jeu de Balle, 1000 Bruxelles, Belgium","3.20",NULL,NULL
"ChIJnbBtRlTCw0cRK7a_yvPqGJE","Japanese Tower","Brussels","BE","https://lh3.googleusercontent.com/p/AF1QipNvn467Cs9n12A8T86nYuYwI80n97Uy-MO6t8EA=s1600-w500","Avenue Van Praet 44, 1020 Bruxelles, Belgium","4.00",NULL,NULL
"ChIJCUqFOn_Ew0cRMApHmuXPDSs","Belgiumbeerdays Brussels","Brussels","BE","https://lh3.googleusercontent.com/p/AF1QipMJI8m12eWJxLiET9ShqPfbcZErXPRKsCtYe-80=s1600-w500","Rue des Chapeliers 6, 1000 Bruxelles, Belgium","5.00",NULL,NULL
"ChIJueTWdIHDw0cRrRK2ry6Zscg","Place Des Martyrs","Brussels","BE","https://lh3.googleusercontent.com/p/AF1QipNOIfNH7CyoH3CSL2yAGRZbOsM4WXetgKXEzB0r=s1600-w500","Place des Martyrs 1, 1000 Bruxelles, Belgium","4.20",NULL,NULL
"ChIJ4Ui-BfLEw0cRQx91qDPHZoM","St. Andrew's Brussels","Brussels","BE","https://lh3.googleusercontent.com/p/AF1QipNgl4_CGNqdaXmsjRlPHc0kfUZv3Ki42Fi4goBi=s1600-w500","Chaussée de Vleurgat 181, 1050 Brussels, Belgium","3.70",NULL,NULL
"ChIJayXwH3nEw0cROjY59MLA670","Tintin Comic Mural","Brussels","BE","https://lh3.googleusercontent.com/p/AF1QipNqB7Ctp-eR8CNY7cOP0Zcj_8j7QKo8ICDiYOrC=s1600-w500","Rue de l'Etuve 37, 1000 Bruxelles, Belgium","4.40",NULL,NULL
"ChIJr2Uzqop_Xo8RcXqt8mH05_k","Guanacaste National Park","Belmopan","BZ","https://lh3.googleusercontent.com/p/AF1QipPs1SxpqWyOikuVaMdg7e329VKeH-H-IZleO0Us=s1600-w500","Western Hwy, Belmopan, Belize","4.00",NULL,NULL
"ChIJiZ8VI2DVXY8R7M1sGgSRnv0","George Price Highway & Hummingbird Highway Junction Roundabout","Belmopan","BZ","https://lh3.googleusercontent.com/p/AF1QipP4hO_q9aJIp1l-TGJyPimJgUjvDtZWSjBOLMkN=s1600-w500","Hummingbird Hwy, Belmopan, Belize","0.00",NULL,NULL
"ChIJZ1pkMzfVXY8RjN83VrXKyYk","Jaguar Paw Cave","Belmopan","BZ","https://lh3.googleusercontent.com/p/AF1QipMUsWmMnhPaBeiJjUYvmh4QLk4R4ArtqqMQ1WJa=s1600-w500","Western Hwy, Belmopan, Belize","4.80",NULL,NULL
"ChIJM36uFvbVXY8R7PYW1Y5QFPg","The Olmec Head","Belmopan","BZ","https://lh3.googleusercontent.com/p/AF1QipPwAv82pbxgnfzm40kL8FcxLBAlLL3CVT2g1lPM=s1600-w500","N Ring Rd, Belmopan, Belize","0.00",NULL,NULL
"ChIJd2Hs4pp_Xo8RxcmUkYxGlg4","Spiral Tube Water Wheel","Belmopan","BZ","https://lh3.googleusercontent.com/p/AF1QipO9qtfQJnSFg3MKJ8Yjol_pp-FoQpl3oUqiZIia=s1600-w500","Rock Farm Road, Belize","5.00",NULL,NULL
"ChIJe-U3KeDQXY8RrKTS6qiPw1o","St. Herman's Cave","Belmopan","BZ","https://lh3.googleusercontent.com/p/AF1QipMKWLiw8mWLguUkaJbllSSFsaoKc9VCkb3pTzgu=s1600-w500","Belize","4.50",NULL,NULL
"ChIJmZpGrgvVXY8RC3DbAL32-Yk","Mae Gordon Park","Belmopan","BZ","https://lh3.googleusercontent.com/p/AF1QipPyP5pHZZNACYOsmcV1kdTchJHpKayX8msICVg-=s1600-w500","Hummingbird Ave, Belmopan, Belize","4.00",NULL,NULL
"ChIJL37BQw3VXY8RGjIDBII8LUQ","Independence Park","Belmopan","BZ","https://lh3.googleusercontent.com/p/AF1QipPF4GTnQ5hUI6PMVZVFwXTAm_bP7BHhraWp96zZ=s1600-w500","Belmopan, Belize","4.00",NULL,NULL
"ChIJTdInDQXVXY8RWtRAiCXEZPM","Parque de Las Americas","Belmopan","BZ","https://lh3.googleusercontent.com/p/AF1QipPGafZWUg-Bsf7Al1uwVcCdVB8FCduQnysBwhya=s1600-w500","Belmopan, Belize","3.30",NULL,NULL
"ChIJU-Nip6rRXY8R1LPBshh8Snk","Blue Hole National Park","Belmopan","BZ","https://lh3.googleusercontent.com/p/AF1QipPWBrlgrk5FTuIYlm6v4V0ow3Xa-nNAtD09SECB=s1600-w500","Belize","4.50",NULL,NULL
